2000-08-09 01:00:00 PDT,11.6321,57.022,0,0.84,11.19866,57.41574,0,0.826874,11.4363,57.3595,0,0.82875,0.5145005602,0.3216603899,0,0.0107218965
2000-08-09 01:15:00 PDT,10.9959,57.1232,0,0.83719,11.33986,57.25598,0,0.832312,11.4363,57.1626,0,0.83531,0.2963558037,0.2092802943,0,0.0070515825
2000-08-09 01:30:00 PDT,10.3738,57.157,0,0.83625,11.21822,57.16486,0,0.8355,11.4363,57.157,0,0.83625,0.483809985,0.1096322507,0,0.003722021
2000-08-09 01:45:00 PDT,9.76563,57.1232,0,0.83719,10.884086,57.1176,0,0.837188,10.9959,57.1232,0,0.83719,0.7313811154,0.050555791,0,0.0015693362
2000-08-09 02:00:00 PDT,9.17144,57.022,0,0.84,10.387774,57.08948,0,0.838126,10.3738,57.1232,0,0.83719,0.8700449707,0.0564626036,0,0.0015681403
2000-08-09 02:15:00 PDT,8.19278,56.5495,0,0.85594,9.69991,56.99498,0,0.841314,9.76563,57.1232,0,0.83719,0.9683757854,0.2272944029,0,0.0074203143
2000-08-09 02:30:00 PDT,7.49374,56.212,0,0.86625,8.999478,56.81274,0,0.847126,9.17144,57.022,0,0.84,1.0414729343,0.3711802667,0,0.0119264858
2000-08-09 02:45:00 PDT,7.07431,56.0095,0,0.87094,8.33958,56.58324,0,0.854064,8.19278,56.5495,0,0.85594,1.0063312954,0.4363948331,0,0.0135598327
2000-08-09 03:00:00 PDT,6.9345,55.942,0,0.87,7.773354,56.347,0,0.860626,7.49374,56.212,0,0.86625,0.8247527107,0.3981927925,0,0.0116040538
2000-08-09 03:15:00 PDT,7.59859,56.3132,0,0.84938,7.458784,56.20524,0,0.862502,7.49374,56.212,0,0.86625,0.4432181713,0.2180942237,0,0.0084464677
2000-08-09 03:30:00 PDT,8.19278,56.617,0,0.8325,7.458784,56.21874,0,0.857814,7.49374,56.212,0,0.86625,0.4432181713,0.2399773123,0,0.0148585835
2000-08-09 03:45:00 PDT,8.71706,56.8532,0,0.81938,7.703448,56.34698,0,0.84844,7.59859,56.3132,0,0.84938,0.6730447151,0.3487727421,0,0.0203496162
2000-08-09 04:00:00 PDT,9.17144,57.022,0,0.81,8.122874,56.54948,0,0.836252,8.19278,56.617,0,0.8325,0.7930373238,0.3859896703,0,0.0214437929
2000-08-09 04:15:00 PDT,9.43008,56.8364,0,0.81563,8.62199,56.72836,0,0.825378,8.71706,56.8364,0,0.81938,0.662647997,0.2442298065,0,0.014101782
2000-08-09 04:30:00 PDT,9.70271,56.7745,0.18849,0.8175,9.042814,56.82062,0.037698,0.819002,9.17144,56.8364,0,0.8175,0.5349122925,0.1307306605,0.075396,0.0074431348
2000-08-09 04:45:00 PDT,9.98932,56.8364,0.70973,0.81563,9.402122,56.8645,0.179644,0.815628,9.43008,56.8364,0,0.81563,0.4378265446,0.0832023557,0.2749128296,0.0031386711
2000-08-09 05:00:00 PDT,10.2899,57.022,1.51563,0.81,9.71669,56.89826,0.48277,0.813752,9.70271,56.8364,0.18849,0.81563,0.3956096854,0.1035307027,0.5781081361,0.0031386711
2000-08-09 05:15:00 PDT,10.7513,57.6014,3.23812,0.79219,10.032662,57.01414,1.130394,0.81019,9.98932,56.8364,0.70973,0.81563,0.4596659399,0.3051381431,1.1775268666,0.0093451528
2000-08-09 05:30:00 PDT,11.1288,58.1245,4.82398,0.77625,10.372406,57.27176,2.09519,0.802314,10.2899,57.022,1.51563,0.81,0.5133707047,0.5167231235,1.7113432119,0.0158040028
2000-08-09 05:45:00 PDT,11.4224,58.5914,6.27322,0.76219,10.716344,57.63514,3.312136,0.791252,10.7513,57.6014,3.23812,0.79219,0.5254094272,0.6586305538,2.0522728815,0.0200814047
2000-08-09 06:00:00 PDT,11.6321,59.002,7.58584,0.75,11.0449,58.06826,4.687358,0.778126,11.1288,58.1245,4.82398,0.77625,0.4797030873,0.7016162815,2.1491845451,0.0212710852
2000-08-09 06:15:00 PDT,11.4224,59.1876,8.58638,0.74625,11.2714,58.50138,6.101508,0.765376,11.4224,58.5914,6.27322,0.76219,0.3054653041,0.5799352391,1.9098892106,0.0170270979
2000-08-09 06:30:00 PDT,11.3525,59.4295,9.56726,0.74,11.39164,58.867,7.367336,0.754938,11.4224,59.002,7.58584,0.75,0.1614497891,0.4614492865,1.6756627013,0.0128825609
2000-08-09 06:45:00 PDT,11.4224,59.7276,10.5285,0.73125,11.45036,59.18762,8.50824,0.745938,11.4224,59.1876,8.58638,0.74625,0.0948169732,0.3847122062,1.4869576892,0.010312341
2000-08-09 07:00:00 PDT,11.6321,60.082,11.47,0.72,11.4923,59.48574,9.547596,0.7375,11.4224,59.4295,9.56726,0.74,0.1169650717,0.3847277042,1.3733622444,0.0108108742
2000-08-09 07:15:00 PDT,12.7366,60.577,11.5494,0.69781,11.7132,59.80074,10.340308,0.727062,11.4224,59.7276,10.5285,0.73125,0.5202227484,0.490060411,1.1355518788,0.0170801749
2000-08-09 07:30:00 PDT,13.4775,61.072,12.1708,0.67875,12.12422,60.17762,11.057192,0.713562,11.6321,60.082,11.47,0.72,0.8410304618,0.5883476333,0.9112864021,0.0224199995
2000-08-09 07:45:00 PDT,13.855,61.567,13.3342,0.66281,12.62472,60.60512,11.81058,0.698124,12.7366,60.577,11.5494,0.69781,0.967905738,0.6614645399,0.9251070433,0.0252919763
2000-08-09 08:00:00 PDT,13.869,62.062,15.0397,0.65,13.11404,61.072,12.71282,0.681874,13.4775,61.072,12.1708,0.67875,0.8473130014,0.7000357134,1.3410754616,0.0248865237
2000-08-09 08:15:00 PDT,12.3031,62.6582,18.7332,0.645,13.24824,61.58724,14.16546,0.666874,13.4775,61.567,13.3342,0.66281,0.6262788408,0.7292213864,2.5745669893,0.0193793463
2000-08-09 08:30:00 PDT,11.1847,63.187,22.0049,0.64,12.93786,62.10924,16.25656,0.655312,13.4775,62.062,15.0397,0.65,1.0465055233,0.7530001795,3.6301936437,0.0139611739
2000-08-09 08:45:00 PDT,10.5136,63.6482,24.8546,0.635,12.34508,62.62448,18.79332,0.646562,12.3031,62.6582,18.7332,0.645,1.3641666781,0.7483603581,4.2649415008,0.0095393593
2000-08-09 09:00:00 PDT,10.2899,64.042,27.2825,0.63,11.63206,63.11948,21.58298,0.64,11.1847,63.187,22.0049,0.64,1.3195963362,0.702309067,4.3428516288,0.0070710678
2000-08-09 09:15:00 PDT,11.5202,63.9632,26.8632,0.6325,11.1623,63.49972,23.94768,0.6365,11.1847,63.6482,24.8546,0.635,0.7227603005,0.5170836157,3.2065240055,0.0053851648
2000-08-09 09:30:00 PDT,12.5268,64.087,27.6389,0.63,11.20704,63.78548,25.72882,0.6335,11.1847,63.9632,26.8632,0.6325,0.7952785087,0.3362514916,2.0967110391,0.0037416574
2000-08-09 09:45:00 PDT,13.3098,64.4132,29.6096,0.6225,11.63206,64.03072,27.24976,0.63,11.5202,64.042,27.2825,0.63,1.1558745669,0.2451391964,1.5236513205,0.0041833001
2000-08-09 10:00:00 PDT,13.869,64.942,32.7751,0.61,12.30314,64.28948,28.83386,0.625,12.5268,64.087,27.6389,0.63,1.2791744238,0.3604974696,2.1841837547,0.0082158384
2000-08-09 10:15:00 PDT,14.0787,66.2807,39.6408,0.5775,13.0609,64.73722,31.30552,0.6145,13.3098,64.4132,29.6096,0.6225,0.9391392825,0.8427511291,4.6409268882,0.0200873094
2000-08-09 10:30:00 PDT,14.1486,67.417,46.0313,0.55,13.58658,65.42798,35.13914,0.598,13.869,64.942,32.7751,0.61,0.6062261044,1.2447902898,6.8017966746,0.0299749896
2000-08-09 10:45:00 PDT,14.0787,68.3507,51.9466,0.5275,13.89696,66.28072,40.00068,0.5775,14.0787,66.2807,39.6408,0.5775,0.3081947994,1.4734823805,8.2387674533,0.0356019662
2000-08-09 11:00:00 PDT,13.869,69.082,57.3867,0.51,14.0088,67.21448,45.5561,0.555,14.0787,67.417,46.0313,0.55,0.1169650717,1.4734823805,8.7105928241,0.0356019662
2000-08-09 11:15:00 PDT,12.8903,69.2057,63.0939,0.50781,13.81306,68.06722,51.61986,0.534562,14.0787,68.3507,51.9466,0.5275,0.4708145308,1.0973345732,8.243138697,0.0262710368
2000-08-09 11:30:00 PDT,12.1913,69.397,67.8312,0.50375,13.43558,68.69048,57.25794,0.519812,13.869,69.082,57.3867,0.51,0.7688194519,0.7287128142,7.7474720209,0.0171390308
2000-08-09 11:45:00 PDT,11.7719,69.6557,71.5984,0.49781,12.96024,69.13822,62.37136,0.509374,12.8903,69.2057,63.0939,0.50781,0.9038926697,0.4387834609,7.0568072159,0.0099674001
2000-08-09 12:00:00 PDT,11.6321,69.982,74.3955,0.49,12.47092,69.46448,66.86114,0.501874,12.1913,69.397,67.8312,0.50375,0.8247354204,0.3231729036,6.0680530626,0.007242863
2000-08-09 12:15:00 PDT,12.2962,70.6626,75.8012,0.47094,12.15636,69.7806,70.54404,0.494062,12.1913,69.6557,71.5984,0.49781,0.4431934097,0.5122001445,4.6140489224,0.0130233566
2000-08-09 12:30:00 PDT,12.8903,71.2195,76.5178,0.45625,12.15636,70.18336,73.22882,0.48375,12.1913,69.982,74.3955,0.49,0.4431934097,0.6694161713,3.1808250995,0.0176470519
2000-08-09 12:45:00 PDT,13.4146,71.6526,76.5454,0.44594,12.40102,70.63448,74.97166,0.472188,12.2962,70.6626,75.8012,0.47094,0.6730165686,0.7434175015,1.8582888081,0.019587185
2000-08-09 13:00:00 PDT,13.869,71.962,75.884,0.44,12.82044,71.09574,75.82878,0.460626,12.8903,71.2195,75.884,0.45625,0.7930150228,0.7076500593,0.7805631618,0.0180525362
2000-08-09 13:15:00 PDT,14.2535,71.8607,74.0268,0.44781,13.34472,71.47148,75.75504,0.452188,13.4146,71.6526,75.884,0.44781,0.6944819001,0.4780559189,0.9178285975,0.0107227709
2000-08-09 13:30:00 PDT,14.568,71.827,71.8184,0.45375,13.79908,71.70436,74.95848,0.44875,13.869,71.827,75.884,0.44781,0.5960419898,0.2621562328,1.8184890018,0.0057722127
2000-08-09 13:45:00 PDT,14.8127,71.8607,69.2588,0.45781,14.18356,71.8326,73.50668,0.449062,14.2535,71.8607,74.0268,0.44781,0.4977449813,0.1007521116,2.6851729288,0.0061957902
2000-08-09 14:00:00 PDT,14.9875,71.962,66.348,0.46,14.49814,71.89448,71.4672,0.451874,14.568,71.8607,71.8184,0.45375,0.3997417897,0.0564865081,3.3842652095,0.007242863
2000-08-09 14:15:00 PDT,15.0923,72.3332,62.6686,0.45656,14.7428,71.96872,68.82412,0.455186,14.8127,71.8607,69.2588,0.45656,0.3022859176,0.1877828682,4.0060987339,0.0042051235
2000-08-09 14:30:00 PDT,15.1273,72.637,58.9163,0.45375,14.91756,72.12398,65.80202,0.456374,14.9875,71.962,66.348,0.45656,0.2062058932,0.3132773621,4.5972972766,0.002408955
2000-08-09 14:45:00 PDT,15.0923,72.8732,55.0909,0.45156,15.02242,72.33322,62.45652,0.455936,15.0923,72.3332,62.6686,0.45656,0.1148635086,0.3859896703,5.0644866146,0.0029780974
2000-08-09 15:00:00 PDT,14.9875,73.042,51.1926,0.45,15.05738,72.56948,58.84328,0.454374,15.0923,72.637,58.9163,0.45375,0.0584705875,0.3859896703,5.3585909982,0.0035740823
2000-08-09 15:15:00 PDT,14.603,73.2276,47.0872,0.44906,14.98048,72.8226,54.99112,0.452186,15.0923,72.8732,55.0909,0.45156,0.194475689,0.3126280346,5.5002072468,0.0027026032
2000-08-09 15:30:00 PDT,14.2884,73.2895,42.9983,0.44875,14.8197,73.01386,51.05706,0.450624,14.9875,73.042,51.1926,0.45,0.3244453544,0.2384377286,5.63491421,0.0018436551
2000-08-09 15:45:00 PDT,14.0438,73.2276,38.9258,0.44906,14.603,73.13198,47.05896,0.449686,14.603,73.2276,47.0872,0.44906,0.3997330459,0.1537285972,5.7312666756,0.0010266762
2000-08-09 16:00:00 PDT,13.869,73.042,34.8697,0.45,14.35834,73.16574,43.01472,0.449374,14.2884,73.2276,42.9983,0.44906,0.3997452869,0.1035307027,5.771025937,0.0005235112
2000-08-09 16:15:00 PDT,14.3094,72.6482,30.6089,0.44688,14.22272,73.08698,38.89798,0.44875,14.2884,73.2276,38.9258,0.44906,0.2504277812,0.2345691403,5.8105526289,0.0010248512
2000-08-09 16:30:00 PDT,14.4562,72.187,26.5121,0.4475,14.19336,72.87886,34.78296,0.448438,14.2884,73.042,34.8697,0.44875,0.2093611005,0.4120033379,5.8393897015,0.0011163584
2000-08-09 16:45:00 PDT,14.3094,71.6582,22.5792,0.45188,14.19756,72.5526,30.69914,0.449064,14.3094,72.6482,30.6089,0.44906,0.2114260306,0.5723445536,5.8059345207,0.0017900793
2000-08-09 17:00:00 PDT,13.869,71.062,18.8104,0.46,14.1626,72.11948,26.67606,0.451252,14.3094,72.187,26.5121,0.45,0.2456433838,0.702309067,5.6794844641,0.0047261248
2000-08-09 17:15:00 PDT,12.4639,70.6682,14.6437,0.46813,13.88158,71.64472,22.63086,0.454878,14.3094,71.6582,22.5792,0.45188,0.7356932633,0.7203298311,5.605469729,0.0081146938
2000-08-09 17:30:00 PDT,11.2126,70.027,11.0156,0.4825,13.26222,71.12048,18.7122,0.462002,13.869,71.062,18.8104,0.46,1.2432709381,0.7523673741,5.5062167785,0.0124458128
2000-08-09 17:45:00 PDT,10.1151,69.1382,7.92606,0.50313,12.394,70.51072,14.994992,0.473128,12.4639,70.6682,14.6437,0.46813,1.5772355144,0.8675501286,5.2536904281,0.018092851
2000-08-09 18:00:00 PDT,9.17144,68.002,5.37514,0.53,11.366408,69.77948,11.55418,0.488752,11.2126,70.027,11.0156,0.4825,1.6658192304,1.101510066,4.771409037,0.025294886
2000-08-09 18:15:00 PDT,8.29764,65.5889,3.77131,0.58656,10.252136,68.68486,8.546362,0.514064,10.1151,69.1382,7.92606,0.50313,1.4711307495,1.7883937258,3.9119614552,0.0417980787
2000-08-09 18:30:00 PDT,7.63355,63.6145,2.43374,0.63375,9.286066,67.27412,6.10437,0.547188,9.17144,68.002,5.37514,0.53,1.274344132,2.3586325203,3.0622607506,0.0556133191
2000-08-09 18:45:00 PDT,7.17917,62.0789,1.36245,0.67156,8.47938,65.6845,4.17374,0.585,8.29764,65.5889,3.77131,0.58656,1.057689068,2.6303323235,2.307213415,0.0626088278
2000-08-09 19:00:00 PDT,6.9345,60.982,0.55742,0.7,7.84326,64.05326,2.700012,0.624374,7.63355,63.6145,2.43374,0.63375,0.8101063938,2.5089433446,1.7178278483,0.0606136459
2000-08-09 19:15:00 PDT,7.21412,61.2689,0.36581,0.69844,7.451796,62.70664,1.698146,0.658062,7.21412,62.0789,1.36245,0.67156,0.4789356026,1.7068784041,1.267136483,0.043069674
2000-08-09 19:30:00 PDT,7.49374,61.3645,0.20903,0.70125,7.291016,61.86176,0.98569,0.681,7.21412,61.3645,0.55742,0.69844,0.2465573938,0.9478370569,0.8257922333,0.026064889
2000-08-09 19:45:00 PDT,7.77335,61.2689,0.0871,0.70844,7.318976,61.39264,0.516362,0.695938,7.21412,61.2689,0.36581,0.7,0.2882223033,0.3663312796,0.4514278216,0.0126614697
2000-08-09 20:00:00 PDT,8.05297,60.982,0,0.72,7.493736,61.17326,0.243872,0.705626,7.49374,61.2689,0.20903,0.70125,0.3954381537,0.1600172066,0.1992215859,0.0079620389
2000-08-09 20:15:00 PDT,8.75201,59.8289,0,0.75375,7.857238,60.94264,0.132388,0.716376,7.77335,61.2689,0.0871,0.70844,0.5275787528,0.5714583155,0.1396166138,0.0201167856
2000-08-09 20:30:00 PDT,9.17144,58.9345,0,0.78,8.248702,60.47576,0.059226,0.732688,8.05297,60.982,0,0.72,0.6227363039,0.9454225544,0.0821478612,0.0297298903
2000-08-09 20:45:00 PDT,9.31125,58.2989,0,0.79875,8.612204,59.86264,0.01742,0.752188,8.75201,59.8289,0,0.75375,0.6061971019,1.1435382837,0.03484,0.0343334294
2000-08-09 21:00:00 PDT,9.17144,57.922,0,0.81,8.891822,59.19326,0,0.7725,9.17144,58.9345,0,0.78,0.4594588931,1.103319313,0,0.0324326225
2000-08-09 21:15:00 PDT,7.91316,58.5801,0,0.795,8.86386,58.71288,0,0.7875,9.17144,58.5801,0,0.795,0.5110204766,0.649479362,0,0.0194132687
2000-08-09 21:30:00 PDT,6.9345,58.9795,0,0.785,8.500358,58.543,0,0.79375,9.17144,58.5801,0,0.795,0.9332695971,0.3975944466,0,0.0105475116
2000-08-09 21:45:00 PDT,6.23546,59.1201,0,0.78,7.913162,58.58012,0,0.79375,7.91316,58.5801,0,0.795,1.2091630901,0.4389281053,0,0.0105475116
2000-08-09 22:00:00 PDT,5.81603,59.002,0,0.78,7.214118,58.72074,0,0.79,6.9345,58.9795,0,0.785,1.2091630901,0.4389345127,0,0.0114017543
2000-08-09 22:15:00 PDT,6.30536,57.8489,0,0.79906,6.640902,58.70612,0,0.787812,6.30536,58.9795,0,0.785,0.7296883814,0.4656969418,0,0.0078504379
2000-08-09 22:30:00 PDT,6.65489,56.9545,0,0.81375,6.389248,58.381,0,0.791562,6.30536,58.9795,0,0.785,0.381348197,0.8494874596,0,0.0131068446
2000-08-09 22:45:00 PDT,6.8646,56.3189,0,0.82406,6.375268,57.84888,0,0.799374,6.30536,57.8489,0,0.79906,0.3618880532,1.103307791,0,0.0177023745
2000-08-09 23:00:00 PDT,6.9345,55.942,0,0.83,6.515076,57.21326,0,0.809374,6.65489,56.9545,0,0.81375,0.412377881,1.103319313,0,0.0180525362
2000-08-09 23:15:00 PDT,6.65489,56.4989,0,0.8175,6.682848,56.71264,0,0.816874,6.65489,56.4989,0,0.8175,0.219282014,0.6548564777,0,0.010501622
2000-08-09 23:30:00 PDT,6.37527,56.8645,0,0.81,6.69683,56.51576,0,0.819062,6.65489,56.4989,0,0.8175,0.1957307143,0.3694187413,0,0.007174913
2000-08-09 23:45:00 PDT,6.09565,57.0389,0,0.8075,6.584982,56.53264,0,0.817812,6.65489,56.4989,0,0.8175,0.3126215334,0.3904123543,0,0.0084267061
2000-08-10 00:00:00 PDT,5.81603,57.022,0,0.81,6.375268,56.67326,0,0.815,6.37527,56.8645,0,0.81,0.3954395679,0.414011481,0,0.0082158384
2000-08-10 00:15:00 PDT,5.3267,56.527,0,0.825,6.053708,56.79026,0,0.814,6.09565,56.8645,0,0.81,0.4586093135,0.23462026,0,0.0064420494
2000-08-10 00:30:00 PDT,4.97718,56.032,0,0.84,5.718166,56.69688,0,0.8185,5.81603,56.8645,0,0.81,0.5071810487,0.3799215151,0,0.0124096736
2000-08-10 00:45:00 PDT,4.76747,55.537,0,0.855,5.396606,56.43138,0,0.8275,5.3267,56.527,0,0.825,0.4982361148,0.5807711577,0,0.0180277564
2000-08-10 01:00:00 PDT,4.69757,55.042,0,0.87,5.11699,56.032,0,0.84,4.97718,56.032,0,0.84,0.4123734736,0.7000357134,0,0.0212132034
2000-08-10 01:15:00 PDT,5.1869,54.3614,0,0.89344,4.991164,55.49988,0,0.856688,4.97718,55.537,0,0.855,0.2397202468,0.7543601114,0,0.0237208216
2000-08-10 01:30:00 PDT,5.53642,53.8045,0,0.91125,5.033108,54.95538,0,0.873938,4.97718,55.042,0,0.87,0.3043853434,0.7977759696,0,0.0256844579
2000-08-10 01:45:00 PDT,5.74613,53.3714,0,0.92344,5.186898,54.42326,0,0.890626,5.1869,54.3614,0,0.89344,0.4123755078,0.7894752728,0,0.0253166756
2000-08-10 02:00:00 PDT,5.81603,53.062,0,0.93,5.39661,53.92826,0,0.905626,5.53642,53.8045,0,0.91125,0.4123734736,0.7076500593,0,0.0217291064
2000-08-10 02:15:00 PDT,5.22185,52.9776,0,0.92344,5.501466,53.51538,0,0.916314,5.53642,53.3714,0,0.92344,0.2596804347,0.5128023416,0,0.0129439586
2000-08-10 02:30:00 PDT,4.83737,52.9495,0,0.91625,5.43156,53.233,0,0.920876,5.53642,53.062,0,0.92344,0.3618859283,0.3226791657,0,0.0064877626
2000-08-10 02:45:00 PDT,4.66261,52.9776,0,0.90844,5.256798,53.06762,0,0.920314,5.22185,52.9776,0,0.92344,0.4652712811,0.1565077685,0,0.0073603033
2000-08-10 03:00:00 PDT,4.69757,53.062,0,0.9,5.047086,53.00574,0,0.915626,4.83737,52.9776,0,0.91625,0.432615617,0.0470681038,0,0.0106195134
2000-08-10 03:15:00 PDT,5.36166,53.3714,0,0.88625,4.956212,53.06762,0,0.906876,4.83737,52.9776,0,0.90844,0.2836098966,0.1565077685,0,0.0129413703
2000-08-10 03:30:00 PDT,5.95584,53.6245,0,0.875,5.10301,53.197,0,0.897188,4.83737,53.062,0,0.9,0.4945942164,0.2610705728,0,0.0148984689
2000-08-10 03:45:00 PDT,6.48012,53.8214,0,0.86625,5.43156,53.37138,0,0.887188,5.36166,53.3714,0,0.88625,0.7084149948,0.3216726311,0,0.0155152949
2000-08-10 04:00:00 PDT,6.9345,53.962,0,0.86,5.885938,53.56826,0,0.8775,5.95584,53.6245,0,0.875,0.7930330045,0.3216603899,0,0.0142959785
2000-08-10 04:15:00 PDT,7.42383,53.8607,0.36395,0.86281,6.43119,53.728,0.07279,0.870062,6.48012,53.8214,0,0.86625,0.722620414,0.2092676086,0.14558,0.0095373149
2000-08-10 04:30:00 PDT,7.77335,53.827,0.90808,0.86375,6.913528,53.81912,0.254406,0.865562,6.9345,53.827,0,0.86375,0.6488683422,0.1096246578,0.3559373048,0.0051252684
2000-08-10 04:45:00 PDT,7.98307,53.8607,1.6324,0.86281,7.318974,53.86636,0.580886,0.863124,7.42383,53.8607,0.36395,0.86281,0.5495401928,0.0505602453,0.6220379287,0.002006007
2000-08-10 05:00:00 PDT,8.05297,53.962,2.53692,0.86,7.633544,53.89448,1.08827,0.861874,7.77335,53.8607,0.90808,0.86281,0.4123772029,0.0564865081,0.9095167696,0.0015681403
2000-08-10 05:15:00 PDT,7.56364,54.0632,3.43098,0.85438,7.759372,53.91472,1.774466,0.86075,7.77335,53.8607,1.6324,0.86281,0.2397229296,0.0869630128,1.1032440863,0.0034242255
2000-08-10 05:30:00 PDT,7.21412,54.277,4.63232,0.8475,7.71743,53.99798,2.62814,0.857688,7.77335,53.962,2.53692,0.86,0.3043849759,0.1621606167,1.3129901125,0.0060508889
2000-08-10 05:45:00 PDT,7.00441,54.6032,6.14095,0.83938,7.563642,54.15322,3.674714,0.852814,7.56364,54.0632,3.43098,0.85438,0.4123755078,0.2638333292,1.5826785639,0.0085172991
2000-08-10 06:00:00 PDT,6.9345,55.042,7.95685,0.83,7.353928,54.38948,4.939604,0.846252,7.21412,54.277,4.63232,0.8475,0.4123755078,0.393270423,1.9334045552,0.0106581544
2000-08-10 06:15:00 PDT,6.98344,55.9307,10.9385,0.81844,7.140022,54.78322,6.61992,0.83794,7.00441,54.6032,6.14095,0.83938,0.2324179654,0.6619323422,2.6376815344,0.0127046007
2000-08-10 06:30:00 PDT,7.18616,56.707,13.6552,0.80625,7.064526,55.31198,8.664764,0.828314,7.00441,55.042,7.95685,0.83,0.1133744489,0.8916655346,3.2620763577,0.0146813999
2000-08-10 06:45:00 PDT,7.54267,57.3707,16.1068,0.79344,7.130236,55.93072,10.95966,0.817502,7.00441,55.9307,10.9385,0.81844,0.2231246861,1.0225737751,3.6330776974,0.0163787306
2000-08-10 07:00:00 PDT,8.05297,57.922,18.2933,0.78,7.339948,56.59448,13.39013,0.805626,7.18616,56.707,13.6552,0.80625,0.41584453,1.0225737751,3.6612198857,0.0176854195
2000-08-10 07:15:00 PDT,9.72368,58.1076,19.0434,0.76406,7.897784,57.2076,15.60744,0.792438,7.54267,57.3707,16.1068,0.79344,0.9824987041,0.8034977212,2.9959728708,0.0191201155
2000-08-10 07:30:00 PDT,10.8771,58.3495,20.3093,0.74875,8.676516,57.69136,17.4816,0.7785,8.05297,57.922,18.2933,0.78,1.4024763639,0.5884532695,2.3505478264,0.0204406076
2000-08-10 07:45:00 PDT,11.5132,58.6476,22.0911,0.73406,9.541924,58.07948,19.16878,0.764062,9.72368,58.1076,19.0434,0.76406,1.5437396046,0.4297978381,1.9999323463,0.0212210465
2000-08-10 08:00:00 PDT,11.6321,59.002,24.3887,0.72,10.35981,58.40574,20.82516,0.749374,10.8771,58.3495,20.3093,0.74875,1.3373699146,0.3847277042,2.197840609,0.0212196622
2000-08-10 08:15:00 PDT,9.80757,59.497,28.2166,0.70469,10.71073,58.72074,22.80982,0.734312,10.8771,58.6476,22.0911,0.73406,0.8136984015,0.490060411,3.2459578047,0.0208602928
2000-08-10 08:30:00 PDT,8.41647,59.992,31.8839,0.69125,10.449288,59.09762,25.37792,0.71975,10.8771,59.002,24.3887,0.72,1.204834187,0.5883476333,4.1918618901,0.02042005
2000-08-10 08:45:00 PDT,7.45878,60.487,35.3909,0.67969,9.765624,59.52512,28.39424,0.705938,9.80757,59.497,28.2166,0.70469,1.6541620088,0.6614645399,4.8360409136,0.0194670957
2000-08-10 09:00:00 PDT,6.9345,60.982,38.7374,0.67,8.849884,59.992,31.7235,0.693126,8.41647,59.992,31.8839,0.69125,1.6999766026,0.7000357134,5.0748001494,0.0177470861
2000-08-10 09:15:00 PDT,7.59859,61.3757,40.5728,0.66875,8.043182,60.46674,34.96032,0.682876,7.59859,60.487,35.3909,0.67969,1.0020750937,0.671994844,4.4920771068,0.0135754213
2000-08-10 09:30:00 PDT,8.19278,61.837,43.1482,0.665,7.720224,60.93474,37.94664,0.674938,7.59859,60.982,38.7374,0.67,0.5307688131,0.6480713158,3.9463113768,0.0094879068
2000-08-10 09:45:00 PDT,8.71706,62.3657,46.4635,0.65875,7.780342,61.40948,40.86256,0.668438,7.59859,61.3757,40.5728,0.66875,0.616348978,0.6529899889,3.7718432664,0.006853056
2000-08-10 10:00:00 PDT,9.17144,62.962,50.5187,0.65,8.122874,61.90448,43.88812,0.6625,8.19278,61.837,43.1482,0.665,0.7930373238,0.7023109892,4.2110786767,0.0073739406
2000-08-10 10:15:00 PDT,9.76563,63.9295,58.0606,0.63125,8.6891,62.49398,47.75276,0.65475,8.71706,62.3657,46.4635,0.65875,0.7520500091,0.8920077385,6.1370673663,0.0133557104
2000-08-10 10:30:00 PDT,10.1501,64.762,64.5112,0.615,9.199402,63.17124,52.54044,0.644,9.17144,62.962,50.5187,0.65,0.7030169791,1.0562526262,7.7846267221,0.0184289175
2000-08-10 10:45:00 PDT,10.3249,65.4595,69.8706,0.60125,9.625826,63.89574,57.88492,0.63125,9.76563,63.9295,58.0606,0.63125,0.6025670291,1.1322353335,8.6290788276,0.0213160737
2000-08-10 11:00:00 PDT,10.2899,66.022,74.1387,0.59,9.940394,64.627,63.41996,0.6175,10.1501,64.762,64.5112,0.615,0.4326219191,1.0877534187,8.4006927992,0.0213160737
2000-08-10 11:15:00 PDT,9.4161,66.0445,76.6218,0.59063,9.989326,65.2435,68.64058,0.605626,10.1501,65.4595,69.8706,0.60125,0.3485486668,0.8065677281,6.6997000143,0.0157013536
2000-08-10 11:30:00 PDT,8.75201,66.202,78.4762,0.5875,9.786602,65.698,72.7237,0.596876,10.1501,66.022,74.1387,0.59063,0.6136540961,0.531419326,5.0174495657,0.0102157968
2000-08-10 11:45:00 PDT,8.29764,66.4945,79.7016,0.58063,9.41611,66.0445,75.76178,0.590002,9.4161,66.0445,76.6218,0.59,0.8101126069,0.3376499667,3.4919989246,0.0066484025
2000-08-10 12:00:00 PDT,8.05297,66.922,80.2982,0.57,8.961724,66.337,77.8473,0.583752,8.75201,66.202,78.4762,0.5875,0.8101025108,0.3376499667,2.2403758042,0.0077363594
2000-08-10 12:15:00 PDT,8.5423,67.8726,80.5956,0.55375,8.612204,66.70712,79.13868,0.576502,8.5423,66.4945,79.7016,0.58063,0.4652685767,0.6548184157,1.4531033086,0.0133979572
2000-08-10 12:30:00 PDT,8.89182,68.6995,80.0443,0.535,8.507348,67.23812,79.82318,0.565376,8.5423,66.922,80.0443,0.57,0.3030962446,0.9235414,0.7348887709,0.0189810565
2000-08-10 12:45:00 PDT,9.10153,69.4026,78.6444,0.51375,8.577252,67.87824,79.85682,0.550626,8.5423,67.8726,80.0443,0.55375,0.3816009896,1.0795651469,0.6737679791,0.0240389788
2000-08-10 13:00:00 PDT,9.17144,69.982,76.3959,0.49,8.752012,68.57574,79.19568,0.5325,8.89182,68.6995,80.0443,0.535,0.4123755078,1.0868158107,1.5516545974,0.0283615056
2000-08-10 13:15:00 PDT,8.45142,70.1676,71.1542,0.44781,8.831702,69.22486,77.36688,0.508062,8.89182,69.4026,78.6444,0.51375,0.2899003792,0.8483185053,3.4282783722,0.0368834431
2000-08-10 13:30:00 PDT,8.02501,70.4095,66.4935,0.41375,8.728244,69.73224,74.54646,0.480062,8.89182,69.982,76.3959,0.49,0.4321323468,0.6141358045,5.0358192559,0.0440211356
2000-08-10 13:45:00 PDT,7.89219,70.7076,62.4139,0.38781,8.528318,70.13386,71.02038,0.450624,8.45142,70.1676,71.1542,0.44781,0.5302959516,0.4391118381,6.0266731212,0.0465801896
2000-08-10 14:00:00 PDT,8.05297,71.062,58.9152,0.37,8.318606,70.46574,67.07454,0.421874,8.05297,70.4095,66.4935,0.41375,0.4655227365,0.3847277042,6.199441586,0.0429676514
2000-08-10 14:15:00 PDT,10.0592,71.7426,57.9879,0.37156,8.496158,70.81786,63.39294,0.398186,8.05297,70.7076,62.4139,0.38781,0.8035266229,0.5507270889,4.9004849012,0.029379705
2000-08-10 14:30:00 PDT,11.3245,72.2995,56.3146,0.37375,9.070774,71.24424,60.42502,0.383374,8.05297,71.062,58.9152,0.37375,1.3838261749,0.689916101,3.630337617,0.0164525701
2000-08-10 14:45:00 PDT,11.8488,72.7326,53.8956,0.37656,9.835532,71.70886,57.90544,0.375936,10.0592,71.7426,57.9879,0.37375,1.6293806512,0.7508644394,2.8270909151,0.0063331717
2000-08-10 15:00:00 PDT,11.6321,73.042,50.7306,0.38,10.583514,72.17574,55.56878,0.374374,11.3245,72.2995,56.3146,0.37375,1.409120266,0.7076500593,2.9602173193,0.0035740823
2000-08-10 15:15:00 PDT,8.34657,73.2276,45.0923,0.38688,10.642234,72.60886,52.8042,0.37775,11.3245,72.7326,53.8956,0.37656,1.3046934468,0.5351394271,4.5641653428,0.0053693873
2000-08-10 15:30:00 PDT,5.87196,73.2895,39.8598,0.3925,9.804786,72.91824,49.17858,0.381938,11.3245,73.042,50.7306,0.38,2.3417990767,0.3650083648,5.9853014983,0.0068658762
2000-08-10 15:45:00 PDT,4.20824,73.2276,35.0331,0.39688,8.381534,73.10386,44.92228,0.386564,8.34657,73.2276,45.0923,0.38688,3.0431457339,0.2033450427,6.8950786024,0.0075488002
2000-08-10 16:00:00 PDT,3.3554,73.042,30.6123,0.4,6.682854,73.16574,40.26562,0.391252,5.87196,73.2276,39.8598,0.3925,3.0038708543,0.1035307027,7.1209997707,0.0071481645
2000-08-10 16:15:00 PDT,5.07505,72.7495,27.0454,0.38594,5.371444,73.10724,35.52858,0.39244,5.07505,73.2276,35.0331,0.3925,1.7092230598,0.1971932717,6.4281235101,0.0054778536
2000-08-10 16:30:00 PDT,6.43119,72.322,23.5855,0.38125,4.988368,72.92612,31.22722,0.391314,5.07505,73.042,30.6123,0.3925,1.1086178873,0.3556737235,5.7492223771,0.0068992394
2000-08-10 16:45:00 PDT,7.42383,71.7595,20.2328,0.38594,5.298742,72.62012,27.30182,0.390002,5.07505,72.7495,27.0454,0.38594,1.4706630023,0.5278818406,5.1880593209,0.0071674832
2000-08-10 17:00:00 PDT,8.05297,71.062,16.9872,0.4,6.067688,72.187,23.69264,0.390626,6.43119,72.322,23.5855,0.38594,1.6884570378,0.7090892045,4.81804092,0.0078430902
2000-08-10 17:15:00 PDT,7.6685,70.0101,13.3686,0.45063,6.930308,71.58062,20.2439,0.400752,7.42383,71.7595,20.2328,0.38594,1.0714441081,0.9678246316,4.8021382946,0.0257196387
2000-08-10 17:30:00 PDT,7.35393,68.9695,10.1771,0.4925,7.386084,70.82462,16.87024,0.422064,7.42383,71.062,16.9872,0.4,0.5364283597,1.2064335695,4.7639230055,0.0429762551
2000-08-10 17:45:00 PDT,7.10926,67.9401,7.4129,0.52563,7.521698,69.94824,13.63572,0.45094,7.42383,70.0101,13.3686,0.45063,0.3198843905,1.3795295598,4.5937082378,0.0531522519
2000-08-10 18:00:00 PDT,6.9345,66.922,5.07588,0.55,7.423832,68.98074,10.604336,0.483752,7.35393,68.9695,10.1771,0.4925,0.3997410893,1.4637413386,4.2264341564,0.0535360743
2000-08-10 18:15:00 PDT,7.03936,65.6451,3.33105,0.54969,7.22111,67.89736,7.873106,0.51369,7.10926,67.9401,7.4129,0.52563,0.2628641252,1.5257118622,3.5826073807,0.037901344
2000-08-10 18:30:00 PDT,7.07431,64.5595,1.90346,0.55125,7.102272,66.80724,5.580078,0.533814,7.07431,66.922,5.07588,0.54969,0.1387572112,1.5732014767,2.9435254454,0.0227678392
2000-08-10 18:45:00 PDT,7.03936,63.6651,0.79311,0.55469,7.039358,65.74636,3.70328,0.546252,7.03936,65.6451,3.33105,0.55,0.0584861216,1.5456492508,2.3448798664,0.0104624479
2000-08-10 19:00:00 PDT,6.9345,62.962,0,0.56,7.004406,64.75074,2.2207,0.553126,7.03936,64.5595,1.90346,0.55125,0.0584873168,1.4091861149,1.814116472,0.0038676949
2000-08-10 19:15:00 PDT,6.44517,62.5682,0,0.5775,6.90654,63.87998,1.205524,0.558626,7.03936,63.6651,0.79311,0.55469,0.235403108,1.1123869388,1.2713486519,0.0100783463
2000-08-10 19:30:00 PDT,6.09565,62.287,0,0.59,6.717798,63.20836,0.539314,0.566688,6.9345,62.962,0,0.56,0.3844104169,0.8189741207,0.7480488608,0.0147469446
2000-08-10 19:45:00 PDT,5.88594,62.1182,0,0.5975,6.480124,62.7201,0.158622,0.575938,6.44517,62.5682,0,0.5775,0.4519511296,0.5521726976,0.317244,0.0165565508
2000-08-10 20:00:00 PDT,5.81603,62.062,0,0.6,6.235458,62.39948,0,0.585,6.09565,62.287,0,0.59,0.4123755078,0.3318307183,0,0.0147478812
2000-08-10 20:15:00 PDT,6.53605,62.8439,0,0.56563,6.155768,62.37586,0,0.586126,6.09565,62.287,0,0.59,0.2899003792,0.2928648125,0,0.0128946308
2000-08-10 20:30:00 PDT,6.96246,63.2545,0,0.5475,6.259226,62.51312,0,0.580126,6.09565,62.287,0,0.59,0.4321323468,0.4625280593,0,0.0203416692
2000-08-10 20:45:00 PDT,7.09528,63.2939,0,0.54563,6.459152,62.7145,0,0.571252,6.53605,62.8439,0,0.56563,0.5302959516,0.5339248374,0,0.023527245
2000-08-10 21:00:00 PDT,6.9345,62.962,0,0.56,6.668864,62.88326,0,0.563752,6.9345,62.962,0,0.56,0.4655227365,0.4446710092,0,0.0196166066
2000-08-10 21:15:00 PDT,5.4735,61.4151,0,0.63375,6.600358,62.75388,0,0.570502,6.9345,62.962,0,0.56,0.593575773,0.6907953978,0,0.03250245
2000-08-10 21:30:00 PDT,4.38999,60.0595,0,0.695,6.171146,62.197,0,0.596376,6.9345,62.962,0,0.56,1.0697791794,1.2717700044,0,0.0590097323
2000-08-10 21:45:00 PDT,3.68395,58.8951,0,0.74375,5.515444,61.32512,0,0.635626,5.4735,61.4151,0,0.63375,1.351471642,1.6775195026,0,0.0762078244
2000-08-10 22:00:00 PDT,3.3554,57.922,0,0.78,4.767468,60.25074,0,0.6825,4.38999,60.0595,0,0.695,1.304219752,1.7890795137,0,0.0784816858
2000-08-10 22:15:00 PDT,4.3061,57.2414,0,0.78688,4.241788,59.10662,0,0.727876,4.3061,58.8951,0,0.74375,0.7266472649,1.4942671186,0,0.0572553972
2000-08-10 22:30:00 PDT,5.03311,56.6845,0,0.7925,4.15371,58.1605,0,0.759626,4.3061,57.922,0,0.78,0.5848706907,1.202168143,0,0.036516154
2000-08-10 22:45:00 PDT,5.53642,56.2514,0,0.79688,4.382996,57.39888,0,0.780002,4.3061,57.2414,0,0.78688,0.8128427869,0.9342567001,0,0.0189872656
2000-08-10 23:00:00 PDT,5.81603,55.942,0,0.8,4.809412,56.80826,0,0.791252,5.03311,56.6845,0,0.7925,0.8898691017,0.7076500593,0,0.0071481645
2000-08-10 23:15:00 PDT,5.87196,56.1276,0,0.79438,5.312724,56.44938,0,0.794128,5.53642,56.2514,0,0.79438,0.5843932922,0.4653493329,0,0.004411378
2000-08-10 23:30:00 PDT,5.70419,56.1895,0,0.7925,5.592342,56.239,0,0.795252,5.70419,56.1895,0,0.79438,0.3021920655,0.2456392558,0,0.0028670989
2000-08-10 23:45:00 PDT,5.31272,56.1276,0,0.79438,5.648264,56.12762,0,0.795628,5.70419,56.1276,0,0.79438,0.2031806609,0.1035426559,0,0.002591574
2000-08-11 00:00:00 PDT,4.69757,55.942,0,0.8,5.480494,56.06574,0,0.796252,5.70419,56.1276,0,0.79438,0.4374901237,0.1035307027,0,0.0031362806
