769,2000-08-09 00:00:00 PDT,10.2899,0
770,2000-08-09 00:15:00 PDT,10.982,0
771,2000-08-09 00:30:00 PDT,11.4363,0
772,2000-08-09 00:45:00 PDT,11.653,0
773,2000-08-09 01:00:00 PDT,11.6321,0
774,2000-08-09 01:15:00 PDT,10.9959,0
775,2000-08-09 01:30:00 PDT,10.3738,0
776,2000-08-09 01:45:00 PDT,9.76563,0
777,2000-08-09 02:00:00 PDT,9.17144,0
778,2000-08-09 02:15:00 PDT,8.19278,0
779,2000-08-09 02:30:00 PDT,7.49374,0
780,2000-08-09 02:45:00 PDT,7.07431,0
781,2000-08-09 03:00:00 PDT,6.9345,0
782,2000-08-09 03:15:00 PDT,7.59859,0
783,2000-08-09 03:30:00 PDT,8.19278,0
784,2000-08-09 03:45:00 PDT,8.71706,0
785,2000-08-09 04:00:00 PDT,9.17144,0
786,2000-08-09 04:15:00 PDT,9.43008,0
787,2000-08-09 04:30:00 PDT,9.70271,0.18849
788,2000-08-09 04:45:00 PDT,9.98932,0.70973
789,2000-08-09 05:00:00 PDT,10.2899,1.51563
790,2000-08-09 05:15:00 PDT,10.7513,3.23812
791,2000-08-09 05:30:00 PDT,11.1288,4.82398
792,2000-08-09 05:45:00 PDT,11.4224,6.27322
793,2000-08-09 06:00:00 PDT,11.6321,7.58584
794,2000-08-09 06:15:00 PDT,11.4224,8.58638
795,2000-08-09 06:30:00 PDT,11.3525,9.56726
796,2000-08-09 06:45:00 PDT,11.4224,10.5285
797,2000-08-09 07:00:00 PDT,11.6321,11.47
798,2000-08-09 07:15:00 PDT,12.7366,11.5494
799,2000-08-09 07:30:00 PDT,13.4775,12.1708
800,2000-08-09 07:45:00 PDT,13.855,13.3342
801,2000-08-09 08:00:00 PDT,13.869,15.0397
802,2000-08-09 08:15:00 PDT,12.3031,18.7332
803,2000-08-09 08:30:00 PDT,11.1847,22.0049
804,2000-08-09 08:45:00 PDT,10.5136,24.8546
805,2000-08-09 09:00:00 PDT,10.2899,27.2825
806,2000-08-09 09:15:00 PDT,11.5202,26.8632
807,2000-08-09 09:30:00 PDT,12.5268,27.6389
808,2000-08-09 09:45:00 PDT,13.3098,29.6096
809,2000-08-09 10:00:00 PDT,13.869,32.7751
810,2000-08-09 10:15:00 PDT,14.0787,39.6408
811,2000-08-09 10:30:00 PDT,14.1486,46.0313
812,2000-08-09 10:45:00 PDT,14.0787,51.9466
813,2000-08-09 11:00:00 PDT,13.869,57.3867
814,2000-08-09 11:15:00 PDT,12.8903,63.0939
815,2000-08-09 11:30:00 PDT,12.1913,67.8312
816,2000-08-09 11:45:00 PDT,11.7719,71.5984
817,2000-08-09 12:00:00 PDT,11.6321,74.3955
818,2000-08-09 12:15:00 PDT,12.2962,75.8012
819,2000-08-09 12:30:00 PDT,12.8903,76.5178
820,2000-08-09 12:45:00 PDT,13.4146,76.5454
821,2000-08-09 13:00:00 PDT,13.869,75.884
822,2000-08-09 13:15:00 PDT,14.2535,74.0268
823,2000-08-09 13:30:00 PDT,14.568,71.8184
824,2000-08-09 13:45:00 PDT,14.8127,69.2588
825,2000-08-09 14:00:00 PDT,14.9875,66.348
826,2000-08-09 14:15:00 PDT,15.0923,62.6686
827,2000-08-09 14:30:00 PDT,15.1273,58.9163
828,2000-08-09 14:45:00 PDT,15.0923,55.0909
829,2000-08-09 15:00:00 PDT,14.9875,51.1926
830,2000-08-09 15:15:00 PDT,14.603,47.0872
831,2000-08-09 15:30:00 PDT,14.2884,42.9983
832,2000-08-09 15:45:00 PDT,14.0438,38.9258
833,2000-08-09 16:00:00 PDT,13.869,34.8697
834,2000-08-09 16:15:00 PDT,14.3094,30.6089
835,2000-08-09 16:30:00 PDT,14.4562,26.5121
836,2000-08-09 16:45:00 PDT,14.3094,22.5792
837,2000-08-09 17:00:00 PDT,13.869,18.8104
838,2000-08-09 17:15:00 PDT,12.4639,14.6437
839,2000-08-09 17:30:00 PDT,11.2126,11.0156
840,2000-08-09 17:45:00 PDT,10.1151,7.92606
841,2000-08-09 18:00:00 PDT,9.17144,5.37514
842,2000-08-09 18:15:00 PDT,8.29764,3.77131
843,2000-08-09 18:30:00 PDT,7.63355,2.43374
844,2000-08-09 18:45:00 PDT,7.17917,1.36245
845,2000-08-09 19:00:00 PDT,6.9345,0.55742
846,2000-08-09 19:15:00 PDT,7.21412,0.36581
847,2000-08-09 19:30:00 PDT,7.49374,0.20903
848,2000-08-09 19:45:00 PDT,7.77335,0.0871
849,2000-08-09 20:00:00 PDT,8.05297,0
850,2000-08-09 20:15:00 PDT,8.75201,0
851,2000-08-09 20:30:00 PDT,9.17144,0
852,2000-08-09 20:45:00 PDT,9.31125,0
853,2000-08-09 21:00:00 PDT,9.17144,0
854,2000-08-09 21:15:00 PDT,7.91316,0
855,2000-08-09 21:30:00 PDT,6.9345,0
856,2000-08-09 21:45:00 PDT,6.23546,0
857,2000-08-09 22:00:00 PDT,5.81603,0
858,2000-08-09 22:15:00 PDT,6.30536,0
859,2000-08-09 22:30:00 PDT,6.65489,0
860,2000-08-09 22:45:00 PDT,6.8646,0
861,2000-08-09 23:00:00 PDT,6.9345,0
862,2000-08-09 23:15:00 PDT,6.65489,0
863,2000-08-09 23:30:00 PDT,6.37527,0
864,2000-08-09 23:45:00 PDT,6.09565,0
865,2000-08-10 00:00:00 PDT,5.81603,0
866,2000-08-10 00:15:00 PDT,5.3267,0
867,2000-08-10 00:30:00 PDT,4.97718,0
868,2000-08-10 00:45:00 PDT,4.76747,0
869,2000-08-10 01:00:00 PDT,4.69757,0
870,2000-08-10 01:15:00 PDT,5.1869,0
871,2000-08-10 01:30:00 PDT,5.53642,0
872,2000-08-10 01:45:00 PDT,5.74613,0
873,2000-08-10 02:00:00 PDT,5.81603,0
874,2000-08-10 02:15:00 PDT,5.22185,0
875,2000-08-10 02:30:00 PDT,4.83737,0
876,2000-08-10 02:45:00 PDT,4.66261,0
877,2000-08-10 03:00:00 PDT,4.69757,0
878,2000-08-10 03:15:00 PDT,5.36166,0
879,2000-08-10 03:30:00 PDT,5.95584,0
880,2000-08-10 03:45:00 PDT,6.48012,0
881,2000-08-10 04:00:00 PDT,6.9345,0
882,2000-08-10 04:15:00 PDT,7.42383,0.36395
883,2000-08-10 04:30:00 PDT,7.77335,0.90808
884,2000-08-10 04:45:00 PDT,7.98307,1.6324
885,2000-08-10 05:00:00 PDT,8.05297,2.53692
886,2000-08-10 05:15:00 PDT,7.56364,3.43098
887,2000-08-10 05:30:00 PDT,7.21412,4.63232
888,2000-08-10 05:45:00 PDT,7.00441,6.14095
889,2000-08-10 06:00:00 PDT,6.9345,7.95685
890,2000-08-10 06:15:00 PDT,6.98344,10.9385
891,2000-08-10 06:30:00 PDT,7.18616,13.6552
892,2000-08-10 06:45:00 PDT,7.54267,16.1068
893,2000-08-10 07:00:00 PDT,8.05297,18.2933
894,2000-08-10 07:15:00 PDT,9.72368,19.0434
895,2000-08-10 07:30:00 PDT,10.8771,20.3093
896,2000-08-10 07:45:00 PDT,11.5132,22.0911
897,2000-08-10 08:00:00 PDT,11.6321,24.3887
898,2000-08-10 08:15:00 PDT,9.80757,28.2166
899,2000-08-10 08:30:00 PDT,8.41647,31.8839
900,2000-08-10 08:45:00 PDT,7.45878,35.3909
901,2000-08-10 09:00:00 PDT,6.9345,38.7374
902,2000-08-10 09:15:00 PDT,7.59859,40.5728
903,2000-08-10 09:30:00 PDT,8.19278,43.1482
904,2000-08-10 09:45:00 PDT,8.71706,46.4635
905,2000-08-10 10:00:00 PDT,9.17144,50.5187
906,2000-08-10 10:15:00 PDT,9.76563,58.0606
907,2000-08-10 10:30:00 PDT,10.1501,64.5112
908,2000-08-10 10:45:00 PDT,10.3249,69.8706
909,2000-08-10 11:00:00 PDT,10.2899,74.1387
910,2000-08-10 11:15:00 PDT,9.4161,76.6218
911,2000-08-10 11:30:00 PDT,8.75201,78.4762
912,2000-08-10 11:45:00 PDT,8.29764,79.7016
913,2000-08-10 12:00:00 PDT,8.05297,80.2982
914,2000-08-10 12:15:00 PDT,8.5423,80.5956
915,2000-08-10 12:30:00 PDT,8.89182,80.0443
916,2000-08-10 12:45:00 PDT,9.10153,78.6444
917,2000-08-10 13:00:00 PDT,9.17144,76.3959
918,2000-08-10 13:15:00 PDT,8.45142,71.1542
919,2000-08-10 13:30:00 PDT,8.02501,66.4935
920,2000-08-10 13:45:00 PDT,7.89219,62.4139
921,2000-08-10 14:00:00 PDT,8.05297,58.9152
922,2000-08-10 14:15:00 PDT,10.0592,57.9879
923,2000-08-10 14:30:00 PDT,11.3245,56.3146
924,2000-08-10 14:45:00 PDT,11.8488,53.8956
925,2000-08-10 15:00:00 PDT,11.6321,50.7306
926,2000-08-10 15:15:00 PDT,8.34657,45.0923
927,2000-08-10 15:30:00 PDT,5.87196,39.8598
928,2000-08-10 15:45:00 PDT,4.20824,35.0331
929,2000-08-10 16:00:00 PDT,3.3554,30.6123
930,2000-08-10 16:15:00 PDT,5.07505,27.0454
931,2000-08-10 16:30:00 PDT,6.43119,23.5855
932,2000-08-10 16:45:00 PDT,7.42383,20.2328
933,2000-08-10 17:00:00 PDT,8.05297,16.9872
934,2000-08-10 17:15:00 PDT,7.6685,13.3686
935,2000-08-10 17:30:00 PDT,7.35393,10.1771
936,2000-08-10 17:45:00 PDT,7.10926,7.4129
937,2000-08-10 18:00:00 PDT,6.9345,5.07588
938,2000-08-10 18:15:00 PDT,7.03936,3.33105
939,2000-08-10 18:30:00 PDT,7.07431,1.90346
940,2000-08-10 18:45:00 PDT,7.03936,0.79311
941,2000-08-10 19:00:00 PDT,6.9345,0
942,2000-08-10 19:15:00 PDT,6.44517,0
943,2000-08-10 19:30:00 PDT,6.09565,0
944,2000-08-10 19:45:00 PDT,5.88594,0
945,2000-08-10 20:00:00 PDT,5.81603,0
946,2000-08-10 20:15:00 PDT,6.53605,0
947,2000-08-10 20:30:00 PDT,6.96246,0
948,2000-08-10 20:45:00 PDT,7.09528,0
949,2000-08-10 21:00:00 PDT,6.9345,0
950,2000-08-10 21:15:00 PDT,5.4735,0
951,2000-08-10 21:30:00 PDT,4.38999,0
952,2000-08-10 21:45:00 PDT,3.68395,0
953,2000-08-10 22:00:00 PDT,3.3554,0
954,2000-08-10 22:15:00 PDT,4.3061,0
955,2000-08-10 22:30:00 PDT,5.03311,0
956,2000-08-10 22:45:00 PDT,5.53642,0
957,2000-08-10 23:00:00 PDT,5.81603,0
958,2000-08-10 23:15:00 PDT,5.87196,0
959,2000-08-10 23:30:00 PDT,5.70419,0
960,2000-08-10 23:45:00 PDT,5.31272,0
961,2000-08-11 00:00:00 PDT,4.69757,0
962,2000-08-11 00:15:00 PDT,2.76821,0
963,2000-08-11 00:30:00 PDT,1.34216,0
964,2000-08-11 00:45:00 PDT,0.41943,0
965,2000-08-11 01:00:00 PDT,0,0
966,2000-08-11 01:15:00 PDT,0.92274,0
967,2000-08-11 01:30:00 PDT,1.78955,0
968,2000-08-11 01:45:00 PDT,2.60044,0
969,2000-08-11 02:00:00 PDT,3.3554,0
970,2000-08-11 02:15:00 PDT,4.20125,0
971,2000-08-11 02:30:00 PDT,4.8933,0
972,2000-08-11 02:45:00 PDT,5.43156,0
973,2000-08-11 03:00:00 PDT,5.81603,0
974,2000-08-11 03:15:00 PDT,5.60632,0
975,2000-08-11 03:30:00 PDT,5.53642,0
976,2000-08-11 03:45:00 PDT,5.60632,0
977,2000-08-11 04:00:00 PDT,5.81603,0
978,2000-08-11 04:15:00 PDT,6.79469,0.05413
979,2000-08-11 04:30:00 PDT,7.49374,0.63589
980,2000-08-11 04:45:00 PDT,7.91316,1.74527
981,2000-08-11 05:00:00 PDT,8.05297,3.38228
982,2000-08-11 05:15:00 PDT,7.28402,5.52907
983,2000-08-11 05:30:00 PDT,6.65489,8.21538
984,2000-08-11 05:45:00 PDT,6.16556,11.4412
985,2000-08-11 06:00:00 PDT,5.81603,15.2065
986,2000-08-11 06:15:00 PDT,5.92089,20.7808
987,2000-08-11 06:30:00 PDT,5.95584,26.0483
988,2000-08-11 06:45:00 PDT,5.92089,31.009
989,2000-08-11 07:00:00 PDT,5.81603,35.663
990,2000-08-11 07:15:00 PDT,5.11699,39.8171
991,2000-08-11 07:30:00 PDT,4.69757,43.7932
992,2000-08-11 07:45:00 PDT,4.55776,47.591
993,2000-08-11 08:00:00 PDT,4.69757,51.2106
994,2000-08-11 08:15:00 PDT,5.95584,54.8416
995,2000-08-11 08:30:00 PDT,6.9345,58.168
996,2000-08-11 08:45:00 PDT,7.63355,61.1899
997,2000-08-11 09:00:00 PDT,8.05297,63.9074
998,2000-08-11 09:15:00 PDT,7.45878,66.1616
999,2000-08-11 09:30:00 PDT,7.07431,68.2172
1000,2000-08-11 09:45:00 PDT,6.89955,70.0742
1001,2000-08-11 10:00:00 PDT,6.9345,71.7326
1002,2000-08-11 10:15:00 PDT,7.59859,73.0883
1003,2000-08-11 10:30:00 PDT,8.19278,74.3148
1004,2000-08-11 10:45:00 PDT,8.71706,75.4121
1005,2000-08-11 11:00:00 PDT,9.17144,76.3801
1006,2000-08-11 11:15:00 PDT,9.43008,77.7144
1007,2000-08-11 11:30:00 PDT,9.70271,78.5891
1008,2000-08-11 11:45:00 PDT,9.98932,79.0044
1009,2000-08-11 12:00:00 PDT,10.2899,78.9602
1010,2000-08-11 12:15:00 PDT,10.7513,78.2114
1011,2000-08-11 12:30:00 PDT,11.1288,77.1666
1012,2000-08-11 12:45:00 PDT,11.4224,75.8257
1013,2000-08-11 13:00:00 PDT,11.6321,74.1889
1014,2000-08-11 13:15:00 PDT,11.8628,72.2263
1015,2000-08-11 13:30:00 PDT,11.9396,69.9875
1016,2000-08-11 13:45:00 PDT,11.8628,67.4725
1017,2000-08-11 14:00:00 PDT,11.6321,64.6813
1018,2000-08-11 14:15:00 PDT,10.7862,61.3606
1019,2000-08-11 14:30:00 PDT,10.0942,57.9326
1020,2000-08-11 14:45:00 PDT,9.55591,54.3974
1021,2000-08-11 15:00:00 PDT,9.17144,50.7549
1022,2000-08-11 15:15:00 PDT,9.06658,46.9371
1023,2000-08-11 15:30:00 PDT,9.03163,43.0575
1024,2000-08-11 15:45:00 PDT,9.06658,39.116
1025,2000-08-11 16:00:00 PDT,9.17144,35.1127
1026,2000-08-11 16:15:00 PDT,9.55591,30.5759
1027,2000-08-11 16:30:00 PDT,9.87048,26.2916
1028,2000-08-11 16:45:00 PDT,10.1151,22.2599
1029,2000-08-11 17:00:00 PDT,10.2899,18.4808
1030,2000-08-11 17:15:00 PDT,10.4996,14.6265
1031,2000-08-11 17:30:00 PDT,10.5695,11.2432
1032,2000-08-11 17:45:00 PDT,10.4996,8.33098
1033,2000-08-11 18:00:00 PDT,10.2899,5.88986
1034,2000-08-11 18:15:00 PDT,9.08056,4.23103
1035,2000-08-11 18:30:00 PDT,8.30463,2.83579
1036,2000-08-11 18:45:00 PDT,7.9621,1.70416
1037,2000-08-11 19:00:00 PDT,8.05297,0.83613
1038,2000-08-11 19:15:00 PDT,9.77262,0.54871
1039,2000-08-11 19:30:00 PDT,11.1288,0.31355
1040,2000-08-11 19:45:00 PDT,12.1214,0.13065
1041,2000-08-11 20:00:00 PDT,12.7505,0
1042,2000-08-11 20:15:00 PDT,12.4919,0
1043,2000-08-11 20:30:00 PDT,12.2193,0
1044,2000-08-11 20:45:00 PDT,11.9327,0
1045,2000-08-11 21:00:00 PDT,11.6321,0
1046,2000-08-11 21:15:00 PDT,11.0449,0
1047,2000-08-11 21:30:00 PDT,10.6254,0
1048,2000-08-11 21:45:00 PDT,10.3738,0
1049,2000-08-11 22:00:00 PDT,10.2899,0
1050,2000-08-11 22:15:00 PDT,10.982,0
1051,2000-08-11 22:30:00 PDT,11.4363,0
1052,2000-08-11 22:45:00 PDT,11.653,0
1053,2000-08-11 23:00:00 PDT,11.6321,0
1054,2000-08-11 23:15:00 PDT,10.7862,0
1055,2000-08-11 23:30:00 PDT,10.0942,0
1056,2000-08-11 23:45:00 PDT,9.55591,0
1057,2000-08-12 00:00:00 PDT,9.17144,0
1058,2000-08-12 00:15:00 PDT,9.48601,0
1059,2000-08-12 00:30:00 PDT,9.59086,0
1060,2000-08-12 00:45:00 PDT,9.48601,0
1061,2000-08-12 01:00:00 PDT,9.17144,0
1062,2000-08-12 01:15:00 PDT,8.01802,0
1063,2000-08-12 01:30:00 PDT,7.07431,0
1064,2000-08-12 01:45:00 PDT,6.34032,0
1065,2000-08-12 02:00:00 PDT,5.81603,0
1066,2000-08-12 02:15:00 PDT,5.92089,0
1067,2000-08-12 02:30:00 PDT,5.95584,0
1068,2000-08-12 02:45:00 PDT,5.92089,0
1069,2000-08-12 03:00:00 PDT,5.81603,0
1070,2000-08-12 03:15:00 PDT,5.3267,0
1071,2000-08-12 03:30:00 PDT,4.97718,0
1072,2000-08-12 03:45:00 PDT,4.76747,0
1073,2000-08-12 04:00:00 PDT,4.69757,0
1074,2000-08-12 04:15:00 PDT,5.1869,0
1075,2000-08-12 04:30:00 PDT,5.53642,0
1076,2000-08-12 04:45:00 PDT,5.74613,0.57065
1077,2000-08-12 05:00:00 PDT,5.81603,1.99659
1078,2000-08-12 05:15:00 PDT,5.11699,5.31953
1079,2000-08-12 05:30:00 PDT,4.69757,8.40758
1080,2000-08-12 05:45:00 PDT,4.55776,11.2607
1081,2000-08-12 06:00:00 PDT,4.69757,13.879
1082,2000-08-12 06:15:00 PDT,5.95584,15.548
1083,2000-08-12 06:30:00 PDT,6.9345,17.4584
1084,2000-08-12 06:45:00 PDT,7.63355,19.6101
1085,2000-08-12 07:00:00 PDT,8.05297,22.0031
1086,2000-08-12 07:15:00 PDT,7.6685,26.7842
1087,2000-08-12 07:30:00 PDT,7.35393,30.3754
1088,2000-08-12 07:45:00 PDT,7.10926,32.7768
1089,2000-08-12 08:00:00 PDT,6.9345,33.9882
1090,2000-08-12 08:15:00 PDT,6.9345,30.2239
1091,2000-08-12 08:30:00 PDT,6.9345,27.7936
1092,2000-08-12 08:45:00 PDT,6.9345,26.6974
1093,2000-08-12 09:00:00 PDT,6.9345,26.9353
1094,2000-08-12 09:15:00 PDT,6.82965,28.8791
1095,2000-08-12 09:30:00 PDT,6.79469,31.9091
1096,2000-08-12 09:45:00 PDT,6.82965,36.0252
1097,2000-08-12 10:00:00 PDT,6.9345,41.2276
1098,2000-08-12 10:15:00 PDT,7.52869,52.0902
1099,2000-08-12 10:30:00 PDT,7.91316,60.9896
1100,2000-08-12 10:45:00 PDT,8.08792,67.9258
1101,2000-08-12 11:00:00 PDT,8.05297,72.8987
1102,2000-08-12 11:15:00 PDT,6.73877,76.3675
1103,2000-08-12 11:30:00 PDT,5.92788,77.567
1104,2000-08-12 11:45:00 PDT,5.6203,76.4972
1105,2000-08-12 12:00:00 PDT,5.81603,73.1581
1106,2000-08-12 12:15:00 PDT,7.94112,60.5939
1107,2000-08-12 12:30:00 PDT,9.61883,50.3976
1108,2000-08-12 12:45:00 PDT,10.8491,42.5691
1109,2000-08-12 13:00:00 PDT,11.6321,37.1086
1110,2000-08-12 13:15:00 PDT,11.0449,38.5738
1111,2000-08-12 13:30:00 PDT,10.6254,39.3683
1112,2000-08-12 13:45:00 PDT,10.3738,39.4922
1113,2000-08-12 14:00:00 PDT,10.2899,38.9453
1114,2000-08-12 14:15:00 PDT,10.6464,36.7557
1115,2000-08-12 14:30:00 PDT,10.9889,34.5434
1116,2000-08-12 14:45:00 PDT,11.3175,32.3085
1117,2000-08-12 15:00:00 PDT,11.6321,30.051
1118,2000-08-12 15:15:00 PDT,12.3521,27.4364
1119,2000-08-12 15:30:00 PDT,12.7785,25.0221
1120,2000-08-12 15:45:00 PDT,12.9113,22.808
1121,2000-08-12 16:00:00 PDT,12.7505,20.7941
1122,2000-08-12 16:15:00 PDT,11.5202,19.534
1123,2000-08-12 16:30:00 PDT,10.5136,18.105
1124,2000-08-12 16:45:00 PDT,9.73067,16.5073
1125,2000-08-12 17:00:00 PDT,9.17144,14.7408
1126,2000-08-12 17:15:00 PDT,9.17144,12.2493
1127,2000-08-12 17:30:00 PDT,9.17144,9.95983
1128,2000-08-12 17:45:00 PDT,9.17144,7.87232
1129,2000-08-12 18:00:00 PDT,9.17144,5.9868
1130,2000-08-12 18:15:00 PDT,8.94075,4.13206
1131,2000-08-12 18:30:00 PDT,8.86386,2.59344
1132,2000-08-12 18:45:00 PDT,8.94075,1.37092
1133,2000-08-12 19:00:00 PDT,9.17144,0.46452
1134,2000-08-12 19:15:00 PDT,10.1431,0.30484
1135,2000-08-12 19:30:00 PDT,10.8771,0.17419
1136,2000-08-12 19:45:00 PDT,11.3734,0.07258
1137,2000-08-12 20:00:00 PDT,11.6321,0
1138,2000-08-12 20:15:00 PDT,11.0449,0
1139,2000-08-12 20:30:00 PDT,10.6254,0
1140,2000-08-12 20:45:00 PDT,10.3738,0
1141,2000-08-12 21:00:00 PDT,10.2899,0
1142,2000-08-12 21:15:00 PDT,10.8771,0
1143,2000-08-12 21:30:00 PDT,11.2965,0
1144,2000-08-12 21:45:00 PDT,11.5482,0
1145,2000-08-12 22:00:00 PDT,11.6321,0
1146,2000-08-12 22:15:00 PDT,11.5901,0
1147,2000-08-12 22:30:00 PDT,11.3525,0
1148,2000-08-12 22:45:00 PDT,10.919,0
1149,2000-08-12 23:00:00 PDT,10.2899,0
1150,2000-08-12 23:15:00 PDT,8.64716,0
1151,2000-08-12 23:30:00 PDT,7.35393,0
1152,2000-08-12 23:45:00 PDT,6.41022,0
1153,2000-08-13 00:00:00 PDT,5.81603,0
1154,2000-08-13 00:15:00 PDT,6.41022,0
1155,2000-08-13 00:30:00 PDT,6.79469,0
1156,2000-08-13 00:45:00 PDT,6.96945,0
1157,2000-08-13 01:00:00 PDT,6.9345,0
1158,2000-08-13 01:15:00 PDT,6.0607,0
1159,2000-08-13 01:30:00 PDT,5.39661,0
1160,2000-08-13 01:45:00 PDT,4.94223,0
1161,2000-08-13 02:00:00 PDT,4.69757,0
1162,2000-08-13 02:15:00 PDT,5.08204,0
1163,2000-08-13 02:30:00 PDT,5.39661,0
1164,2000-08-13 02:45:00 PDT,5.64127,0
1165,2000-08-13 03:00:00 PDT,5.81603,0
1166,2000-08-13 03:15:00 PDT,5.81603,0
1167,2000-08-13 03:30:00 PDT,5.81603,0
1168,2000-08-13 03:45:00 PDT,5.81603,0
1169,2000-08-13 04:00:00 PDT,5.81603,0
1170,2000-08-13 04:15:00 PDT,5.60632,0
1171,2000-08-13 04:30:00 PDT,5.53642,0
1172,2000-08-13 04:45:00 PDT,5.60632,1.07462
1173,2000-08-13 05:00:00 PDT,5.81603,2.92053
1174,2000-08-13 05:15:00 PDT,6.58498,8.03708
1175,2000-08-13 05:30:00 PDT,7.21412,12.213
1176,2000-08-13 05:45:00 PDT,7.70345,15.4482
1177,2000-08-13 06:00:00 PDT,8.05297,17.7428
1178,2000-08-13 06:15:00 PDT,8.05297,14.2965
1179,2000-08-13 06:30:00 PDT,8.05297,13.1096
1180,2000-08-13 06:45:00 PDT,8.05297,14.1823
1181,2000-08-13 07:00:00 PDT,8.05297,17.5144
1182,2000-08-13 07:15:00 PDT,7.84326,29.0971
1183,2000-08-13 07:30:00 PDT,7.77335,38.9452
1184,2000-08-13 07:45:00 PDT,7.84326,47.0587
1185,2000-08-13 08:00:00 PDT,8.05297,53.4376
1186,2000-08-13 08:15:00 PDT,8.69609,55.5639
1187,2000-08-13 08:30:00 PDT,9.28329,57.6343
1188,2000-08-13 08:45:00 PDT,9.81456,59.6489
1189,2000-08-13 09:00:00 PDT,10.2899,61.6078
1190,2000-08-13 09:15:00 PDT,10.6464,64.293
1191,2000-08-13 09:30:00 PDT,10.9889,66.4009
1192,2000-08-13 09:45:00 PDT,11.3175,67.9317
1193,2000-08-13 10:00:00 PDT,11.6321,68.8852
1194,2000-08-13 10:15:00 PDT,12.1214,68.4006
1195,2000-08-13 10:30:00 PDT,12.4709,67.9126
1196,2000-08-13 10:45:00 PDT,12.6806,67.4214
1197,2000-08-13 11:00:00 PDT,12.7505,66.9268
1198,2000-08-13 11:15:00 PDT,12.4919,65.9358
1199,2000-08-13 11:30:00 PDT,12.2193,65.2702
1200,2000-08-13 11:45:00 PDT,11.9327,64.9299
1201,2000-08-13 12:00:00 PDT,11.6321,64.915
1202,2000-08-13 12:15:00 PDT,11.2756,68.5248
1203,2000-08-13 12:30:00 PDT,10.933,70.2603
1204,2000-08-13 12:45:00 PDT,10.6045,70.1216
1205,2000-08-13 13:00:00 PDT,10.2899,68.1087
1206,2000-08-13 13:15:00 PDT,9.56989,58.7379
1207,2000-08-13 13:30:00 PDT,9.14348,51.1486
1208,2000-08-13 13:45:00 PDT,9.01066,45.3409
1209,2000-08-13 14:00:00 PDT,9.17144,41.3148
1210,2000-08-13 14:15:00 PDT,10.7373,42.9465
1211,2000-08-13 14:30:00 PDT,11.8558,43.7756
1212,2000-08-13 14:45:00 PDT,12.5268,43.8022
1213,2000-08-13 15:00:00 PDT,12.7505,43.0264
1214,2000-08-13 15:15:00 PDT,11.5202,40.9177
1215,2000-08-13 15:30:00 PDT,10.5136,38.3601
1216,2000-08-13 15:45:00 PDT,9.73067,35.3535
1217,2000-08-13 16:00:00 PDT,9.17144,31.898
1218,2000-08-13 16:15:00 PDT,9.2763,26.3758
1219,2000-08-13 16:30:00 PDT,9.31125,21.4831
1220,2000-08-13 16:45:00 PDT,9.2763,17.22
1221,2000-08-13 17:00:00 PDT,9.17144,13.5864
1222,2000-08-13 17:15:00 PDT,8.99668,11.2118
1223,2000-08-13 17:30:00 PDT,8.75201,9.04709
1224,2000-08-13 17:45:00 PDT,8.43744,7.09216
1225,2000-08-13 18:00:00 PDT,8.05297,5.34703
1226,2000-08-13 18:15:00 PDT,7.17917,3.71221
1227,2000-08-13 18:30:00 PDT,6.51508,2.35352
1228,2000-08-13 18:45:00 PDT,6.0607,1.27096
1229,2000-08-13 19:00:00 PDT,5.81603,0.46452
1230,2000-08-13 19:15:00 PDT,6.30536,0.30484
1231,2000-08-13 19:30:00 PDT,6.65489,0.17419
1232,2000-08-13 19:45:00 PDT,6.8646,0.07258
1233,2000-08-13 20:00:00 PDT,6.9345,0
1234,2000-08-13 20:15:00 PDT,6.65489,0
1235,2000-08-13 20:30:00 PDT,6.37527,0
1236,2000-08-13 20:45:00 PDT,6.09565,0
1237,2000-08-13 21:00:00 PDT,5.81603,0
1238,2000-08-13 21:15:00 PDT,5.22185,0
1239,2000-08-13 21:30:00 PDT,4.83737,0
1240,2000-08-13 21:45:00 PDT,4.66261,0
1241,2000-08-13 22:00:00 PDT,4.69757,0
1242,2000-08-13 22:15:00 PDT,5.57137,0
1243,2000-08-13 22:30:00 PDT,6.23546,0
1244,2000-08-13 22:45:00 PDT,6.68984,0
1245,2000-08-13 23:00:00 PDT,6.9345,0
1246,2000-08-13 23:15:00 PDT,6.78071,0
1247,2000-08-13 23:30:00 PDT,6.54304,0
1248,2000-08-13 23:45:00 PDT,6.22148,0
1249,2000-08-14 00:00:00 PDT,5.81603,0
1250,2000-08-14 00:15:00 PDT,4.63465,0
1251,2000-08-14 00:30:00 PDT,3.83075,0
1252,2000-08-14 00:45:00 PDT,3.40434,0
1253,2000-08-14 01:00:00 PDT,3.3554,0
1254,2000-08-14 01:15:00 PDT,4.69058,0
1255,2000-08-14 01:30:00 PDT,5.73215,0
1256,2000-08-14 01:45:00 PDT,6.48012,0
1257,2000-08-14 02:00:00 PDT,6.9345,0
1258,2000-08-14 02:15:00 PDT,6.55003,0
1259,2000-08-14 02:30:00 PDT,6.23546,0
1260,2000-08-14 02:45:00 PDT,5.9908,0
1261,2000-08-14 03:00:00 PDT,5.81603,0
1262,2000-08-14 03:15:00 PDT,5.71118,0
1263,2000-08-14 03:30:00 PDT,5.67623,0
1264,2000-08-14 03:45:00 PDT,5.71118,0
1265,2000-08-14 04:00:00 PDT,5.81603,0
1266,2000-08-14 04:15:00 PDT,6.09565,0.51399
1267,2000-08-14 04:30:00 PDT,6.37527,1.09222
1268,2000-08-14 04:45:00 PDT,6.65489,1.73468
1269,2000-08-14 05:00:00 PDT,6.9345,2.44138
1270,2000-08-14 05:15:00 PDT,7.21412,3.25656
1271,2000-08-14 05:30:00 PDT,7.49374,4.10648
1272,2000-08-14 05:45:00 PDT,7.77335,4.99113
1273,2000-08-14 06:00:00 PDT,8.05297,5.91052
1274,2000-08-14 06:15:00 PDT,8.43744,5.42576
1275,2000-08-14 06:30:00 PDT,8.75201,5.93499
1276,2000-08-14 06:45:00 PDT,8.99668,7.43822
1277,2000-08-14 07:00:00 PDT,9.17144,9.93544
1278,2000-08-14 07:15:00 PDT,9.06658,18.2516
1279,2000-08-14 07:30:00 PDT,9.03163,24.3451
1280,2000-08-14 07:45:00 PDT,9.06658,28.216
1281,2000-08-14 08:00:00 PDT,9.17144,29.8643
1282,2000-08-14 08:15:00 PDT,9.32523,20.8771
1283,2000-08-14 08:30:00 PDT,9.5629,15.2758
1284,2000-08-14 08:45:00 PDT,9.88446,13.0604
1285,2000-08-14 09:00:00 PDT,10.2899,14.2308
1286,2000-08-14 09:15:00 PDT,11.2406,25.6468
1287,2000-08-14 09:30:00 PDT,11.9676,35.8754
1288,2000-08-14 09:45:00 PDT,12.4709,44.9169
1289,2000-08-14 10:00:00 PDT,12.7505,52.771
1290,2000-08-14 10:15:00 PDT,12.2612,60.4904
1291,2000-08-14 10:30:00 PDT,11.9117,66.3209
1292,2000-08-14 10:45:00 PDT,11.702,70.2623
1293,2000-08-14 11:00:00 PDT,11.6321,72.3147
1294,2000-08-14 11:15:00 PDT,11.702,69.0103
1295,2000-08-14 11:30:00 PDT,11.9117,66.1287
1296,2000-08-14 11:45:00 PDT,12.2612,63.6699
1297,2000-08-14 12:00:00 PDT,12.7505,61.6339
1298,2000-08-14 12:15:00 PDT,14.1137,62.644
1299,2000-08-14 12:30:00 PDT,15.1273,62.328
1300,2000-08-14 12:45:00 PDT,15.7914,60.6858
1301,2000-08-14 13:00:00 PDT,16.1059,57.7174
1302,2000-08-14 13:15:00 PDT,15.4419,50.0605
1303,2000-08-14 13:30:00 PDT,14.8477,43.319
1304,2000-08-14 13:45:00 PDT,14.3234,37.4928
1305,2000-08-14 14:00:00 PDT,13.869,32.5819
1306,2000-08-14 14:15:00 PDT,13.4845,30.2911
1307,2000-08-14 14:30:00 PDT,13.17,27.7792
1308,2000-08-14 14:45:00 PDT,12.9253,25.046
1309,2000-08-14 15:00:00 PDT,12.7505,22.0916
1310,2000-08-14 15:15:00 PDT,13.2958,17.2698
1311,2000-08-14 15:30:00 PDT,13.4775,13.3243
1312,2000-08-14 15:45:00 PDT,13.2958,10.2549
1313,2000-08-14 16:00:00 PDT,12.7505,8.06172
1314,2000-08-14 16:15:00 PDT,10.5416,8.43698
1315,2000-08-14 16:30:00 PDT,8.8359,8.56027
1316,2000-08-14 16:45:00 PDT,7.63355,8.43158
1317,2000-08-14 17:00:00 PDT,6.9345,8.05091
1318,2000-08-14 17:15:00 PDT,7.91316,6.97615
1319,2000-08-14 17:30:00 PDT,8.6122,5.94416
1320,2000-08-14 17:45:00 PDT,9.03163,4.95493
1321,2000-08-14 18:00:00 PDT,9.17144,4.00848
1322,2000-08-14 18:15:00 PDT,8.6122,2.91508
1323,2000-08-14 18:30:00 PDT,8.05297,1.99092
1324,2000-08-14 18:45:00 PDT,7.49374,1.236
1325,2000-08-14 19:00:00 PDT,6.9345,0.65032
1326,2000-08-14 19:15:00 PDT,6.0607,0.42677
1327,2000-08-14 19:30:00 PDT,5.39661,0.24387
1328,2000-08-14 19:45:00 PDT,4.94223,0.10161
1329,2000-08-14 20:00:00 PDT,4.69757,0
1330,2000-08-14 20:15:00 PDT,5.31272,0
1331,2000-08-14 20:30:00 PDT,5.70419,0
1332,2000-08-14 20:45:00 PDT,5.87196,0
1333,2000-08-14 21:00:00 PDT,5.81603,0
1334,2000-08-14 21:15:00 PDT,4.97019,0
1335,2000-08-14 21:30:00 PDT,4.27814,0
1336,2000-08-14 21:45:00 PDT,3.73988,0
1337,2000-08-14 22:00:00 PDT,3.3554,0
1338,2000-08-14 22:15:00 PDT,3.12472,0
1339,2000-08-14 22:30:00 PDT,3.04783,0
1340,2000-08-14 22:45:00 PDT,3.12472,0
1341,2000-08-14 23:00:00 PDT,3.3554,0
1342,2000-08-14 23:15:00 PDT,4.20125,0
1343,2000-08-14 23:30:00 PDT,4.8933,0
1344,2000-08-14 23:45:00 PDT,5.43156,0
1345,2000-08-15 00:00:00 PDT,5.81603,0
1346,2000-08-15 00:15:00 PDT,5.71118,0
1347,2000-08-15 00:30:00 PDT,5.67623,0
1348,2000-08-15 00:45:00 PDT,5.71118,0
1349,2000-08-15 01:00:00 PDT,5.81603,0
1350,2000-08-15 01:15:00 PDT,6.30536,0
1351,2000-08-15 01:30:00 PDT,6.65489,0
1352,2000-08-15 01:45:00 PDT,6.8646,0
1353,2000-08-15 02:00:00 PDT,6.9345,0
1354,2000-08-15 02:15:00 PDT,6.55003,0
1355,2000-08-15 02:30:00 PDT,6.23546,0
1356,2000-08-15 02:45:00 PDT,5.9908,0
1357,2000-08-15 03:00:00 PDT,5.81603,0
1358,2000-08-15 03:15:00 PDT,5.71118,0
1359,2000-08-15 03:30:00 PDT,5.67623,0
1360,2000-08-15 03:45:00 PDT,5.71118,0
1361,2000-08-15 04:00:00 PDT,5.81603,0
1362,2000-08-15 04:15:00 PDT,6.09565,0
1363,2000-08-15 04:30:00 PDT,6.37527,0.13597
1364,2000-08-15 04:45:00 PDT,6.65489,0.66886
1365,2000-08-15 05:00:00 PDT,6.9345,1.51167
1366,2000-08-15 05:15:00 PDT,7.42383,3.183
1367,2000-08-15 05:30:00 PDT,7.77335,4.81853
1368,2000-08-15 05:45:00 PDT,7.98307,6.41829
1369,2000-08-15 06:00:00 PDT,8.05297,7.98226
1370,2000-08-15 06:15:00 PDT,7.6685,9.03537
1371,2000-08-15 06:30:00 PDT,7.35393,10.3694
1372,2000-08-15 06:45:00 PDT,7.10926,11.9844
1373,2000-08-15 07:00:00 PDT,6.9345,13.8803
1374,2000-08-15 07:15:00 PDT,6.49411,16.0012
1375,2000-08-15 07:30:00 PDT,6.34731,18.4404
1376,2000-08-15 07:45:00 PDT,6.49411,21.1978
1377,2000-08-15 08:00:00 PDT,6.9345,24.2734
1378,2000-08-15 08:15:00 PDT,8.54929,27.6436
1379,2000-08-15 08:30:00 PDT,9.87048,31.3478
1380,2000-08-15 08:45:00 PDT,10.8981,35.3861
1381,2000-08-15 09:00:00 PDT,11.6321,39.7585
1382,2000-08-15 09:15:00 PDT,11.9676,46.0905
1383,2000-08-15 09:30:00 PDT,12.0795,51.6728
1384,2000-08-15 09:45:00 PDT,11.9676,56.5055
1385,2000-08-15 10:00:00 PDT,11.6321,60.5886
1386,2000-08-15 10:15:00 PDT,10.6115,64.2622
1387,2000-08-15 10:30:00 PDT,9.67475,66.9594
1388,2000-08-15 10:45:00 PDT,8.82192,68.68
1389,2000-08-15 11:00:00 PDT,8.05297,69.4241
1390,2000-08-15 11:15:00 PDT,6.73877,68.8839
1391,2000-08-15 11:30:00 PDT,5.92788,67.5723
1392,2000-08-15 11:45:00 PDT,5.6203,65.4894
1393,2000-08-15 12:00:00 PDT,5.81603,62.6352
1394,2000-08-15 12:15:00 PDT,8.36055,55.7016
1395,2000-08-15 12:30:00 PDT,10.1781,50.202
1396,2000-08-15 12:45:00 PDT,11.2686,46.1364
1397,2000-08-15 13:00:00 PDT,11.6321,43.5049
1398,2000-08-15 13:15:00 PDT,9.73766,46.3406
1399,2000-08-15 13:30:00 PDT,8.13686,47.9216
1400,2000-08-15 13:45:00 PDT,6.82965,48.2478
1401,2000-08-15 14:00:00 PDT,5.81603,47.3193
1402,2000-08-15 14:15:00 PDT,5.3267,42.8047
1403,2000-08-15 14:30:00 PDT,4.97718,38.5896
1404,2000-08-15 14:45:00 PDT,4.76747,34.6739
1405,2000-08-15 15:00:00 PDT,4.69757,31.0577
1406,2000-08-15 15:15:00 PDT,5.31272,28.2872
1407,2000-08-15 15:30:00 PDT,5.70419,25.452
1408,2000-08-15 15:45:00 PDT,5.87196,22.552
1409,2000-08-15 16:00:00 PDT,5.81603,19.5873
1410,2000-08-15 16:15:00 PDT,4.63465,15.6899
1411,2000-08-15 16:30:00 PDT,3.83075,12.3063
1412,2000-08-15 16:45:00 PDT,3.40434,9.43655
1413,2000-08-15 17:00:00 PDT,3.3554,7.08063
1414,2000-08-15 17:15:00 PDT,4.79543,5.81736
1415,2000-08-15 17:30:00 PDT,5.87196,4.68204
1416,2000-08-15 17:45:00 PDT,6.58498,3.6747
1417,2000-08-15 18:00:00 PDT,6.9345,2.79531
1418,2000-08-15 18:15:00 PDT,5.85099,2.07829
1419,2000-08-15 18:30:00 PDT,5.11699,1.46631
1420,2000-08-15 18:45:00 PDT,4.73252,0.95935
1421,2000-08-15 19:00:00 PDT,4.69757,0.55742
1422,2000-08-15 19:15:00 PDT,5.95584,0.36581
1423,2000-08-15 19:30:00 PDT,6.9345,0.20903
1424,2000-08-15 19:45:00 PDT,7.63355,0.0871
1425,2000-08-15 20:00:00 PDT,8.05297,0
1426,2000-08-15 20:15:00 PDT,7.56364,0
1427,2000-08-15 20:30:00 PDT,7.21412,0
1428,2000-08-15 20:45:00 PDT,7.00441,0
1429,2000-08-15 21:00:00 PDT,6.9345,0
1430,2000-08-15 21:15:00 PDT,7.42383,0
1431,2000-08-15 21:30:00 PDT,7.77335,0
1432,2000-08-15 21:45:00 PDT,7.98307,0
1433,2000-08-15 22:00:00 PDT,8.05297,0
1434,2000-08-15 22:15:00 PDT,7.45878,0
1435,2000-08-15 22:30:00 PDT,7.07431,0
1436,2000-08-15 22:45:00 PDT,6.89955,0
1437,2000-08-15 23:00:00 PDT,6.9345,0
1438,2000-08-15 23:15:00 PDT,7.70345,0
1439,2000-08-15 23:30:00 PDT,8.33259,0
1440,2000-08-15 23:45:00 PDT,8.82192,0
1441,2000-08-16 00:00:00 PDT,9.17144,0
1442,2000-08-16 00:15:00 PDT,8.94075,0
1443,2000-08-16 00:30:00 PDT,8.86386,0
1444,2000-08-16 00:45:00 PDT,8.94075,0
1445,2000-08-16 01:00:00 PDT,9.17144,0
1446,2000-08-16 01:15:00 PDT,10.1431,0
1447,2000-08-16 01:30:00 PDT,10.8771,0
1448,2000-08-16 01:45:00 PDT,11.3734,0
1449,2000-08-16 02:00:00 PDT,11.6321,0
1450,2000-08-16 02:15:00 PDT,11.4853,0
1451,2000-08-16 02:30:00 PDT,11.2126,0
1452,2000-08-16 02:45:00 PDT,10.8142,0
1453,2000-08-16 03:00:00 PDT,10.2899,0
1454,2000-08-16 03:15:00 PDT,9.13649,0
1455,2000-08-16 03:30:00 PDT,8.19278,0
1456,2000-08-16 03:45:00 PDT,7.45878,0
1457,2000-08-16 04:00:00 PDT,6.9345,0
1458,2000-08-16 04:15:00 PDT,6.49411,0.05481
1459,2000-08-16 04:30:00 PDT,6.34731,0.23201
1460,2000-08-16 04:45:00 PDT,6.49411,0.5316
1461,2000-08-16 05:00:00 PDT,6.9345,0.95358
1462,2000-08-16 05:15:00 PDT,8.98969,1.63814
1463,2000-08-16 05:30:00 PDT,10.4577,2.35163
1464,2000-08-16 05:45:00 PDT,11.3385,3.09405
1465,2000-08-16 06:00:00 PDT,11.6321,3.86539
1466,2000-08-16 06:15:00 PDT,9.91242,4.69199
1467,2000-08-16 06:30:00 PDT,8.55628,5.52996
1468,2000-08-16 06:45:00 PDT,7.56364,6.37932
1469,2000-08-16 07:00:00 PDT,6.9345,7.24644
1470,2000-08-16 07:15:00 PDT,7.42383,7.06644
1471,2000-08-16 07:30:00 PDT,7.77335,7.59482
1472,2000-08-16 07:45:00 PDT,7.98307,8.8316
1473,2000-08-16 08:00:00 PDT,8.05297,10.7768
1474,2000-08-16 08:15:00 PDT,7.6685,16.6964
1475,2000-08-16 08:30:00 PDT,7.35393,21.1471
1476,2000-08-16 08:45:00 PDT,7.10926,24.1287
1477,2000-08-16 09:00:00 PDT,6.9345,25.6412
1478,2000-08-16 09:15:00 PDT,7.14422,21.9309
1479,2000-08-16 09:30:00 PDT,7.21412,19.2542
1480,2000-08-16 09:45:00 PDT,7.14422,17.6109
1481,2000-08-16 10:00:00 PDT,6.9345,17.0013
1482,2000-08-16 10:15:00 PDT,6.0607,19.498
1483,2000-08-16 10:30:00 PDT,5.39661,21.6464
1484,2000-08-16 10:45:00 PDT,4.94223,23.4464
1485,2000-08-16 11:00:00 PDT,4.69757,24.898
1486,2000-08-16 11:15:00 PDT,5.08204,25.679
1487,2000-08-16 11:30:00 PDT,5.39661,26.3264
1488,2000-08-16 11:45:00 PDT,5.64127,26.8403
1489,2000-08-16 12:00:00 PDT,5.81603,27.2206
1490,2000-08-16 12:15:00 PDT,5.81603,28.3035
1491,2000-08-16 12:30:00 PDT,5.81603,28.6954
1492,2000-08-16 12:45:00 PDT,5.81603,28.3964
1493,2000-08-16 13:00:00 PDT,5.81603,27.4064
1494,2000-08-16 13:15:00 PDT,5.81603,24.1403
1495,2000-08-16 13:30:00 PDT,5.81603,21.24
1496,2000-08-16 13:45:00 PDT,5.81603,18.7054
1497,2000-08-16 14:00:00 PDT,5.81603,16.5367
1498,2000-08-16 14:15:00 PDT,5.50147,15.1606
1499,2000-08-16 14:30:00 PDT,5.39661,13.8658
1500,2000-08-16 14:45:00 PDT,5.50147,12.6522
1501,2000-08-16 15:00:00 PDT,5.81603,11.52
1502,2000-08-16 15:15:00 PDT,7.28402,10.3993
1503,2000-08-16 15:30:00 PDT,8.33259,9.40643
1504,2000-08-16 15:45:00 PDT,8.96173,8.54127
1505,2000-08-16 16:00:00 PDT,9.17144,7.80386
1506,2000-08-16 16:15:00 PDT,8.01802,7.60353
1507,2000-08-16 16:30:00 PDT,7.07431,7.25805
1508,2000-08-16 16:45:00 PDT,6.34032,6.76741
1509,2000-08-16 17:00:00 PDT,5.81603,6.1316
1510,2000-08-16 17:15:00 PDT,6.04672,4.93257
1511,2000-08-16 17:30:00 PDT,6.12361,3.86709
1512,2000-08-16 17:45:00 PDT,6.04672,2.93516
1513,2000-08-16 18:00:00 PDT,5.81603,2.13677
1514,2000-08-16 18:15:00 PDT,4.97019,1.52419
1515,2000-08-16 18:30:00 PDT,4.27814,1.01032
1516,2000-08-16 18:45:00 PDT,3.73988,0.59516
1517,2000-08-16 19:00:00 PDT,3.3554,0.278709
1518,2000-08-16 19:15:00 PDT,3.3554,0.182903
1519,2000-08-16 19:30:00 PDT,3.3554,0.104516
1520,2000-08-16 19:45:00 PDT,3.3554,0.0435483
1521,2000-08-16 20:00:00 PDT,3.3554,0
1522,2000-08-16 20:15:00 PDT,3.3554,0
1523,2000-08-16 20:30:00 PDT,3.3554,0
1524,2000-08-16 20:45:00 PDT,3.3554,0
1525,2000-08-16 21:00:00 PDT,3.3554,0
1526,2000-08-16 21:15:00 PDT,3.12472,0
1527,2000-08-16 21:30:00 PDT,3.04783,0
1528,2000-08-16 21:45:00 PDT,3.12472,0
1529,2000-08-16 22:00:00 PDT,3.3554,0
1530,2000-08-16 22:15:00 PDT,4.43193,0
1531,2000-08-16 22:30:00 PDT,5.20088,0
1532,2000-08-16 22:45:00 PDT,5.66224,0
1533,2000-08-16 23:00:00 PDT,5.81603,0
1534,2000-08-16 23:15:00 PDT,5.28476,0
1535,2000-08-16 23:30:00 PDT,4.69757,0
1536,2000-08-16 23:45:00 PDT,4.05445,0
1537,2000-08-17 00:00:00 PDT,3.3554,0
1538,2000-08-17 00:15:00 PDT,2.20198,0
1539,2000-08-17 00:30:00 PDT,1.25828,0
1540,2000-08-17 00:45:00 PDT,0.524282,0
1541,2000-08-17 01:00:00 PDT,0,0
1542,2000-08-17 01:15:00 PDT,0,0
1543,2000-08-17 01:30:00 PDT,0,0
1544,2000-08-17 01:45:00 PDT,0,0
1545,2000-08-17 02:00:00 PDT,0,0
1546,2000-08-17 02:15:00 PDT,0,0
1547,2000-08-17 02:30:00 PDT,0,0
1548,2000-08-17 02:45:00 PDT,0,0
1549,2000-08-17 03:00:00 PDT,0,0
1550,2000-08-17 03:15:00 PDT,0.81788,0
1551,2000-08-17 03:30:00 PDT,1.64974,0
1552,2000-08-17 03:45:00 PDT,2.49558,0
1553,2000-08-17 04:00:00 PDT,3.3554,0
1554,2000-08-17 04:15:00 PDT,4.58572,0
1555,2000-08-17 04:30:00 PDT,5.59234,0.0232258
1556,2000-08-17 04:45:00 PDT,6.37527,0.50516
1557,2000-08-17 05:00:00 PDT,6.9345,1.30064
1558,2000-08-17 05:15:00 PDT,6.9345,3.36774
1559,2000-08-17 05:30:00 PDT,6.9345,5.10967
1560,2000-08-17 05:45:00 PDT,6.9345,6.52644
1561,2000-08-17 06:00:00 PDT,6.9345,7.61805
1562,2000-08-17 06:15:00 PDT,6.82965,6.40741
1563,2000-08-17 06:30:00 PDT,6.79469,6.18967
1564,2000-08-17 06:45:00 PDT,6.82965,6.96482
1565,2000-08-17 07:00:00 PDT,6.9345,8.73289
1566,2000-08-17 07:15:00 PDT,6.98344,12.478
1567,2000-08-17 07:30:00 PDT,7.18616,16.56
1568,2000-08-17 07:45:00 PDT,7.54267,20.9787
1569,2000-08-17 08:00:00 PDT,8.05297,25.7341
1570,2000-08-17 08:15:00 PDT,9.82854,32.3506
1571,2000-08-17 08:30:00 PDT,11.0169,38.2877
1572,2000-08-17 08:45:00 PDT,11.6181,43.5454
1573,2000-08-17 09:00:00 PDT,11.6321,48.1238
1574,2000-08-17 09:15:00 PDT,9.52795,51.4654
1575,2000-08-17 09:30:00 PDT,7.85724,54.4992
1576,2000-08-17 09:45:00 PDT,6.61993,57.2254
1577,2000-08-17 10:00:00 PDT,5.81603,59.6438
1578,2000-08-17 10:15:00 PDT,6.30536,61.7021
1579,2000-08-17 10:30:00 PDT,6.65489,63.4876
1580,2000-08-17 10:45:00 PDT,6.8646,65.0002
1581,2000-08-17 11:00:00 PDT,6.9345,66.2399
1582,2000-08-17 11:15:00 PDT,6.23546,67.1457
1583,2000-08-17 11:30:00 PDT,5.81603,67.8192
1584,2000-08-17 11:45:00 PDT,5.67623,68.2605
1585,2000-08-17 12:00:00 PDT,5.81603,68.4695
1586,2000-08-17 12:15:00 PDT,6.8646,68.8644
1587,2000-08-17 12:30:00 PDT,7.77335,68.7482
1588,2000-08-17 12:45:00 PDT,8.5423,68.1212
1589,2000-08-17 13:00:00 PDT,9.17144,66.9831
1590,2000-08-17 13:15:00 PDT,9.01066,64.7854
1591,2000-08-17 13:30:00 PDT,9.14348,62.4425
1592,2000-08-17 13:45:00 PDT,9.56989,59.9544
1593,2000-08-17 14:00:00 PDT,10.2899,57.3212
1594,2000-08-17 14:15:00 PDT,12.2892,54.6473
1595,2000-08-17 14:30:00 PDT,13.9249,51.7586
1596,2000-08-17 14:45:00 PDT,15.1972,48.6551
1597,2000-08-17 15:00:00 PDT,16.1059,45.3367
1598,2000-08-17 15:15:00 PDT,16.2108,41.4289
1599,2000-08-17 15:30:00 PDT,16.2457,37.5561
1600,2000-08-17 15:45:00 PDT,16.2108,33.718
1601,2000-08-17 16:00:00 PDT,16.1059,29.9148
1602,2000-08-17 16:15:00 PDT,15.6166,25.7719
1603,2000-08-17 16:30:00 PDT,15.2671,21.9135
1604,2000-08-17 16:45:00 PDT,15.0574,18.3396
1605,2000-08-17 17:00:00 PDT,14.9875,15.0503
1606,2000-08-17 17:15:00 PDT,15.6865,11.9061
1607,2000-08-17 17:30:00 PDT,16.1059,9.13934
1608,2000-08-17 17:45:00 PDT,16.2457,6.74999
1609,2000-08-17 18:00:00 PDT,16.1059,4.73806
1610,2000-08-17 18:15:00 PDT,15.2881,3.31257
1611,2000-08-17 18:30:00 PDT,14.4562,2.12516
1612,2000-08-17 18:45:00 PDT,13.6104,1.1758
1613,2000-08-17 19:00:00 PDT,12.7505,0.464515
1614,2000-08-17 19:15:00 PDT,11.5202,0.304838
1615,2000-08-17 19:30:00 PDT,10.5136,0.174193
1616,2000-08-17 19:45:00 PDT,9.73067,0.0725805
1617,2000-08-17 20:00:00 PDT,9.17144,0
1618,2000-08-17 20:15:00 PDT,9.17144,0
1619,2000-08-17 20:30:00 PDT,9.17144,0
1620,2000-08-17 20:45:00 PDT,9.17144,0
1621,2000-08-17 21:00:00 PDT,9.17144,0
1622,2000-08-17 21:15:00 PDT,9.17144,0
1623,2000-08-17 21:30:00 PDT,9.17144,0
1624,2000-08-17 21:45:00 PDT,9.17144,0
1625,2000-08-17 22:00:00 PDT,9.17144,0
1626,2000-08-17 22:15:00 PDT,8.94075,0
1627,2000-08-17 22:30:00 PDT,8.86386,0
1628,2000-08-17 22:45:00 PDT,8.94075,0
1629,2000-08-17 23:00:00 PDT,9.17144,0
1630,2000-08-17 23:15:00 PDT,10.248,0
1631,2000-08-17 23:30:00 PDT,11.0169,0
1632,2000-08-17 23:45:00 PDT,11.4783,0
1633,2000-08-18 00:00:00 PDT,11.6321,0
1634,2000-08-18 00:15:00 PDT,11.1008,0
1635,2000-08-18 00:30:00 PDT,10.5136,0
1636,2000-08-18 00:45:00 PDT,9.87048,0
1637,2000-08-18 01:00:00 PDT,9.17144,0
1638,2000-08-18 01:15:00 PDT,7.70345,0
1639,2000-08-18 01:30:00 PDT,6.65489,0
1640,2000-08-18 01:45:00 PDT,6.02575,0
1641,2000-08-18 02:00:00 PDT,5.81603,0
1642,2000-08-18 02:15:00 PDT,7.82928,0
1643,2000-08-18 02:30:00 PDT,9.05959,0
1644,2000-08-18 02:45:00 PDT,9.50698,0
1645,2000-08-18 03:00:00 PDT,9.17144,0
1646,2000-08-18 03:15:00 PDT,5.57836,0
1647,2000-08-18 03:30:00 PDT,2.85209,0
1648,2000-08-18 03:45:00 PDT,0.99264,0
1649,2000-08-18 04:00:00 PDT,0,0
1650,2000-08-18 04:15:00 PDT,1.50993,0.116129
1651,2000-08-18 04:30:00 PDT,2.79617,0.60387
1652,2000-08-18 04:45:00 PDT,3.85872,1.46322
1653,2000-08-18 05:00:00 PDT,4.69757,2.69419
1654,2000-08-18 05:15:00 PDT,4.97718,4.40128
1655,2000-08-18 05:30:00 PDT,5.2568,6.41031
1656,2000-08-18 05:45:00 PDT,5.53642,8.72127
1657,2000-08-18 06:00:00 PDT,5.81603,11.3342
1658,2000-08-18 06:15:00 PDT,6.53605,14.3709
1659,2000-08-18 06:30:00 PDT,6.96246,17.6284
1660,2000-08-18 06:45:00 PDT,7.09528,21.1064
1661,2000-08-18 07:00:00 PDT,6.9345,24.8051
1662,2000-08-18 07:15:00 PDT,5.36865,29.4212
1663,2000-08-18 07:30:00 PDT,4.25018,33.7935
1664,2000-08-18 07:45:00 PDT,3.5791,37.9219
1665,2000-08-18 08:00:00 PDT,3.3554,41.8064
1666,2000-08-18 08:15:00 PDT,4.48086,45.386
1667,2000-08-18 08:30:00 PDT,5.45253,48.7625
1668,2000-08-18 08:45:00 PDT,6.27041,51.9357
1669,2000-08-18 09:00:00 PDT,6.9345,54.9057
1670,2000-08-18 09:15:00 PDT,7.52869,57.4286
1671,2000-08-18 09:30:00 PDT,7.91316,59.9108
1672,2000-08-18 09:45:00 PDT,8.08792,62.3525
1673,2000-08-18 10:00:00 PDT,8.05297,64.7534
1674,2000-08-18 10:15:00 PDT,7.07431,67.7321
1675,2000-08-18 10:30:00 PDT,6.37527,70.2579
1676,2000-08-18 10:45:00 PDT,5.95584,72.3308
1677,2000-08-18 11:00:00 PDT,5.81603,73.9508
1678,2000-08-18 11:15:00 PDT,6.48012,74.9263
1679,2000-08-18 11:30:00 PDT,7.07431,75.5766
1680,2000-08-18 11:45:00 PDT,7.59859,75.9018
1681,2000-08-18 12:00:00 PDT,8.05297,75.9018
1682,2000-08-18 12:15:00 PDT,8.43744,75.4286
1683,2000-08-18 12:30:00 PDT,8.75201,74.7289
1684,2000-08-18 12:45:00 PDT,8.99668,73.8028
1685,2000-08-18 13:00:00 PDT,9.17144,72.6502
1686,2000-08-18 13:15:00 PDT,8.94075,71.6544
1687,2000-08-18 13:30:00 PDT,8.86386,70.1766
1688,2000-08-18 13:45:00 PDT,8.94075,68.217
1689,2000-08-18 14:00:00 PDT,9.17144,65.7754
1690,2000-08-18 14:15:00 PDT,10.5625,62.3205
1691,2000-08-18 14:30:00 PDT,11.4363,58.7379
1692,2000-08-18 14:45:00 PDT,11.7928,55.0276
1693,2000-08-18 15:00:00 PDT,11.6321,51.1896
1694,2000-08-18 15:15:00 PDT,9.63281,46.9625
1695,2000-08-18 15:30:00 PDT,7.99705,42.7818
1696,2000-08-18 15:45:00 PDT,6.72479,38.6477
1697,2000-08-18 16:00:00 PDT,5.81603,34.5599
1698,2000-08-18 16:15:00 PDT,5.81603,30.6232
1699,2000-08-18 16:30:00 PDT,5.81603,26.6632
1700,2000-08-18 16:45:00 PDT,5.81603,22.68
1701,2000-08-18 17:00:00 PDT,5.81603,18.6735
1702,2000-08-18 17:15:00 PDT,5.81603,13.2938
1703,2000-08-18 17:30:00 PDT,5.81603,8.79095
1704,2000-08-18 17:45:00 PDT,5.81603,5.16483
1705,2000-08-18 18:00:00 PDT,5.81603,2.41548
1706,2000-08-18 18:15:00 PDT,5.71118,1.66645
1707,2000-08-18 18:30:00 PDT,5.67623,1.04516
1708,2000-08-18 18:45:00 PDT,5.71118,0.551612
1709,2000-08-18 19:00:00 PDT,5.81603,0.185806
1710,2000-08-18 19:15:00 PDT,6.41022,0.121935
1711,2000-08-18 19:30:00 PDT,6.79469,0.0696773
1712,2000-08-18 19:45:00 PDT,6.96945,0.0290322
1713,2000-08-18 20:00:00 PDT,6.9345,0
1714,2000-08-18 20:15:00 PDT,6.0607,0
1715,2000-08-18 20:30:00 PDT,5.39661,0
1716,2000-08-18 20:45:00 PDT,4.94223,0
1717,2000-08-18 21:00:00 PDT,4.69757,0
1718,2000-08-18 21:15:00 PDT,5.08204,0
1719,2000-08-18 21:30:00 PDT,5.39661,0
1720,2000-08-18 21:45:00 PDT,5.64127,0
1721,2000-08-18 22:00:00 PDT,5.81603,0
1722,2000-08-18 22:15:00 PDT,5.60632,0
1723,2000-08-18 22:30:00 PDT,5.53642,0
1724,2000-08-18 22:45:00 PDT,5.60632,0
1725,2000-08-18 23:00:00 PDT,5.81603,0
1726,2000-08-18 23:15:00 PDT,6.58498,0
1727,2000-08-18 23:30:00 PDT,7.21412,0
1728,2000-08-18 23:45:00 PDT,7.70345,0
1729,2000-08-19 00:00:00 PDT,8.05297,0
1730,2000-08-19 00:15:00 PDT,7.94811,0
1731,2000-08-19 00:30:00 PDT,7.91316,0
1732,2000-08-19 00:45:00 PDT,7.94811,0
1733,2000-08-19 01:00:00 PDT,8.05297,0
1734,2000-08-19 01:15:00 PDT,8.75201,0
1735,2000-08-19 01:30:00 PDT,9.17144,0
1736,2000-08-19 01:45:00 PDT,9.31125,0
1737,2000-08-19 02:00:00 PDT,9.17144,0
1738,2000-08-19 02:15:00 PDT,7.91316,0
1739,2000-08-19 02:30:00 PDT,6.9345,0
1740,2000-08-19 02:45:00 PDT,6.23546,0
1741,2000-08-19 03:00:00 PDT,5.81603,0
1742,2000-08-19 03:15:00 PDT,6.09565,0
1743,2000-08-19 03:30:00 PDT,6.37527,0
1744,2000-08-19 03:45:00 PDT,6.65489,0
1745,2000-08-19 04:00:00 PDT,6.9345,0
1746,2000-08-19 04:15:00 PDT,7.52869,0.0174193
1747,2000-08-19 04:30:00 PDT,7.91316,0.16258
1748,2000-08-19 04:45:00 PDT,8.08792,0.435483
1749,2000-08-19 05:00:00 PDT,8.05297,0.836127
1750,2000-08-19 05:15:00 PDT,7.07431,1.6258
1751,2000-08-19 05:30:00 PDT,6.37527,2.36903
1752,2000-08-19 05:45:00 PDT,5.95584,3.0658
1753,2000-08-19 06:00:00 PDT,5.81603,3.71612
1754,2000-08-19 06:15:00 PDT,6.79469,3.70161
1755,2000-08-19 06:30:00 PDT,7.49374,4.0529
1756,2000-08-19 06:45:00 PDT,7.91316,4.76999
1757,2000-08-19 07:00:00 PDT,8.05297,5.85289
1758,2000-08-19 07:15:00 PDT,6.8646,7.73708
1759,2000-08-19 07:30:00 PDT,6.09565,9.69675
1760,2000-08-19 07:45:00 PDT,5.74613,11.7319
1761,2000-08-19 08:00:00 PDT,5.81603,13.8426
1762,2000-08-19 08:15:00 PDT,7.45878,16.9171
1763,2000-08-19 08:30:00 PDT,8.75201,19.4748
1764,2000-08-19 08:45:00 PDT,9.69572,21.5158
1765,2000-08-19 09:00:00 PDT,10.2899,23.04
1766,2000-08-19 09:15:00 PDT,9.90543,22.41
1767,2000-08-19 09:30:00 PDT,9.59086,22.3548
1768,2000-08-19 09:45:00 PDT,9.3462,22.8745
1769,2000-08-19 10:00:00 PDT,9.17144,23.969
1770,2000-08-19 10:15:00 PDT,9.2763,27.598
1771,2000-08-19 10:30:00 PDT,9.31125,30.4954
1772,2000-08-19 10:45:00 PDT,9.2763,32.6612
1773,2000-08-19 11:00:00 PDT,9.17144,34.0954
1774,2000-08-19 11:15:00 PDT,8.78697,33.2564
1775,2000-08-19 11:30:00 PDT,8.4724,32.7135
1776,2000-08-19 11:45:00 PDT,8.22773,32.4667
1777,2000-08-19 12:00:00 PDT,8.05297,32.5161
1778,2000-08-19 12:15:00 PDT,8.15783,34.4467
1779,2000-08-19 12:30:00 PDT,8.19278,35.6167
1780,2000-08-19 12:45:00 PDT,8.15783,36.0261
1781,2000-08-19 13:00:00 PDT,8.05297,35.6748
1782,2000-08-19 13:15:00 PDT,7.6685,33.0125
1783,2000-08-19 13:30:00 PDT,7.35393,30.6232
1784,2000-08-19 13:45:00 PDT,7.10926,28.5067
1785,2000-08-19 14:00:00 PDT,6.9345,26.6632
1786,2000-08-19 14:15:00 PDT,7.03936,25.6848
1787,2000-08-19 14:30:00 PDT,7.07431,24.5845
1788,2000-08-19 14:45:00 PDT,7.03936,23.3622
1789,2000-08-19 15:00:00 PDT,6.9345,22.018
1790,2000-08-19 15:15:00 PDT,6.55003,20.6129
1791,2000-08-19 15:30:00 PDT,6.23546,19.0451
1792,2000-08-19 15:45:00 PDT,5.9908,17.3148
1793,2000-08-19 16:00:00 PDT,5.81603,15.4219
1794,2000-08-19 16:15:00 PDT,5.81603,12.6
1795,2000-08-19 16:30:00 PDT,5.81603,10.1264
1796,2000-08-19 16:45:00 PDT,5.81603,8.00127
1797,2000-08-19 17:00:00 PDT,5.81603,6.2245
1798,2000-08-19 17:15:00 PDT,5.81603,5.20547
1799,2000-08-19 17:30:00 PDT,5.81603,4.26193
1800,2000-08-19 17:45:00 PDT,5.81603,3.39386
1801,2000-08-19 18:00:00 PDT,5.81603,2.60129
1802,2000-08-19 18:15:00 PDT,5.81603,1.78838
1803,2000-08-19 18:30:00 PDT,5.81603,1.11484
1804,2000-08-19 18:45:00 PDT,5.81603,0.580644
1805,2000-08-19 19:00:00 PDT,5.81603,0.185806
1806,2000-08-19 19:15:00 PDT,5.50147,0.121935
1807,2000-08-19 19:30:00 PDT,5.39661,0.0696773
1808,2000-08-19 19:45:00 PDT,5.50147,0.0290322
1809,2000-08-19 20:00:00 PDT,5.81603,0
1810,2000-08-19 20:15:00 PDT,7.17917,0
1811,2000-08-19 20:30:00 PDT,8.19278,0
1812,2000-08-19 20:45:00 PDT,8.85687,0
1813,2000-08-19 21:00:00 PDT,9.17144,0
1814,2000-08-19 21:15:00 PDT,8.08792,0
1815,2000-08-19 21:30:00 PDT,7.35393,0
1816,2000-08-19 21:45:00 PDT,6.96945,0
1817,2000-08-19 22:00:00 PDT,6.9345,0
1818,2000-08-19 22:15:00 PDT,8.19278,0
1819,2000-08-19 22:30:00 PDT,9.17144,0
1820,2000-08-19 22:45:00 PDT,9.87048,0
1821,2000-08-19 23:00:00 PDT,10.2899,0
1822,2000-08-19 23:15:00 PDT,10.0103,0
1823,2000-08-19 23:30:00 PDT,9.73067,0
1824,2000-08-19 23:45:00 PDT,9.45106,0
